number;url;title;description;tags;team;year;location;source;
1153;https://i.imgur.com/ZbQBP2p.jpg;HSK FSA23 Endurance;High Speed Karlsruhe during Endurance in FSA 2023;hsk,aero,;High Speed Karlsruhe;2023;FSA;N/A;
1152;https://i.imgur.com/1aKIs5c.jpg;foto-1152;descripcion-1152;N/A;N/A;N/A;N/A;N/A;
1151;https://i.imgur.com/6iNgyqJ.jpg;foto-1151;descripcion-1151;N/A;N/A;N/A;N/A;N/A;
1150;https://i.imgur.com/UNPWje0.jpg;foto-1150;descripcion-1150;N/A;N/A;N/A;N/A;N/A;
1149;https://i.imgur.com/gawvqbD.jpg;foto-1149;descripcion-1149;N/A;N/A;N/A;N/A;N/A;
1148;https://i.imgur.com/Ytamihp.jpg;foto-1148;descripcion-1148;N/A;N/A;N/A;N/A;N/A;
1147;https://i.imgur.com/GOZ1nBK.jpg;foto-1147;descripcion-1147;N/A;N/A;N/A;N/A;N/A;
1146;https://i.imgur.com/ryqmZlo.jpg;foto-1146;descripcion-1146;N/A;N/A;N/A;N/A;N/A;
1145;https://i.imgur.com/shZxI7u.jpg;foto-1145;descripcion-1145;N/A;N/A;N/A;N/A;N/A;
1144;https://i.imgur.com/enxpKlZ.jpg;foto-1144;descripcion-1144;N/A;N/A;N/A;N/A;N/A;
1143;https://i.imgur.com/R0vnvhb.jpg;foto-1143;descripcion-1143;N/A;N/A;N/A;N/A;N/A;
1142;https://i.imgur.com/CAuTBoy.jpg;foto-1142;descripcion-1142;N/A;N/A;N/A;N/A;N/A;
1141;https://i.imgur.com/lJWS9F2.jpg;foto-1141;descripcion-1141;N/A;N/A;N/A;N/A;N/A;
1140;https://i.imgur.com/4PCly2D.jpg;foto-1140;descripcion-1140;N/A;N/A;N/A;N/A;N/A;
1139;https://i.imgur.com/qezNpxp.jpg;foto-1139;descripcion-1139;N/A;N/A;N/A;N/A;N/A;
1138;https://i.imgur.com/z4GoFhH.jpg;foto-1138;descripcion-1138;N/A;N/A;N/A;N/A;N/A;
1137;https://i.imgur.com/NM45i8A.jpg;foto-1137;descripcion-1137;N/A;N/A;N/A;N/A;N/A;
1136;https://i.imgur.com/tWJJf7g.jpg;foto-1136;descripcion-1136;N/A;N/A;N/A;N/A;N/A;
1135;https://i.imgur.com/fLNQiOx.png;foto-1135;descripcion-1135;N/A;N/A;N/A;N/A;N/A;
1134;https://i.imgur.com/XU5nxEY.png;foto-1134;descripcion-1134;N/A;N/A;N/A;N/A;N/A;
1133;https://i.imgur.com/ZcGjSCz.jpg;foto-1133;descripcion-1133;N/A;N/A;N/A;N/A;N/A;
1132;https://i.imgur.com/xwHLl1y.jpg;foto-1132;descripcion-1132;N/A;N/A;N/A;N/A;N/A;
1131;https://i.imgur.com/sYaqIyP.jpg;foto-1131;descripcion-1131;N/A;N/A;N/A;N/A;N/A;
1130;https://i.imgur.com/EPigyE5.jpg;foto-1130;descripcion-1130;N/A;N/A;N/A;N/A;N/A;
1129;https://i.imgur.com/ROUSC0s.jpg;foto-1129;descripcion-1129;N/A;N/A;N/A;N/A;N/A;
1128;https://i.imgur.com/XJtZIxw.jpg;foto-1128;descripcion-1128;N/A;N/A;N/A;N/A;N/A;
1127;https://i.imgur.com/CpJ1xfz.jpg;foto-1127;descripcion-1127;N/A;N/A;N/A;N/A;N/A;
1126;https://i.imgur.com/6gL39tX.jpg;foto-1126;descripcion-1126;N/A;N/A;N/A;N/A;N/A;
1125;https://i.imgur.com/RAQWBhH.jpg;foto-1125;descripcion-1125;N/A;N/A;N/A;N/A;N/A;
1124;https://i.imgur.com/LtSCkJM.jpg;foto-1124;descripcion-1124;N/A;N/A;N/A;N/A;N/A;
1123;https://i.imgur.com/oPF7Rd1.jpg;foto-1123;descripcion-1123;N/A;N/A;N/A;N/A;N/A;
1122;https://i.imgur.com/MpllfCj.jpg;foto-1122;descripcion-1122;N/A;N/A;N/A;N/A;N/A;
1121;https://i.imgur.com/05sxqgP.jpg;foto-1121;descripcion-1121;N/A;N/A;N/A;N/A;N/A;
1120;https://i.imgur.com/DYalnl0.jpg;foto-1120;descripcion-1120;N/A;N/A;N/A;N/A;N/A;
1119;https://i.imgur.com/BeLECOd.jpg;foto-1119;descripcion-1119;N/A;N/A;N/A;N/A;N/A;
1118;https://i.imgur.com/j9OyU0M.jpg;foto-1118;descripcion-1118;N/A;N/A;N/A;N/A;N/A;
1117;https://i.imgur.com/t0GNDbJ.jpg;foto-1117;descripcion-1117;N/A;N/A;N/A;N/A;N/A;
1116;https://i.imgur.com/GsZfVW8.jpg;foto-1116;descripcion-1116;N/A;N/A;N/A;N/A;N/A;
1115;https://i.imgur.com/8WE2Jr6.jpg;foto-1115;descripcion-1115;N/A;N/A;N/A;N/A;N/A;
1114;https://i.imgur.com/gDpNqLP.png;foto-1114;descripcion-1114;N/A;N/A;N/A;N/A;N/A;
1113;https://i.imgur.com/a2ctC0r.jpg;foto-1113;descripcion-1113;N/A;N/A;N/A;N/A;N/A;
1112;https://i.imgur.com/tKgT10s.jpg;foto-1112;descripcion-1112;N/A;N/A;N/A;N/A;N/A;
1111;https://i.imgur.com/vYQgIrI.jpg;foto-1111;descripcion-1111;N/A;N/A;N/A;N/A;N/A;
1110;https://i.imgur.com/RvGgI90.jpg;foto-1110;descripcion-1110;N/A;N/A;N/A;N/A;N/A;
1109;https://i.imgur.com/tBhxC8Y.jpg;foto-1109;descripcion-1109;N/A;N/A;N/A;N/A;N/A;
1108;https://i.imgur.com/291LYrF.jpg;foto-1108;descripcion-1108;N/A;N/A;N/A;N/A;N/A;
1107;https://i.imgur.com/y1o89I8.jpg;foto-1107;descripcion-1107;N/A;N/A;N/A;N/A;N/A;
1106;https://i.imgur.com/GMUQXLq.jpg;foto-1106;descripcion-1106;N/A;N/A;N/A;N/A;N/A;
1105;https://i.imgur.com/YzTPHml.jpg;foto-1105;descripcion-1105;N/A;N/A;N/A;N/A;N/A;
1104;https://i.imgur.com/XJFrws3.jpg;foto-1104;descripcion-1104;N/A;N/A;N/A;N/A;N/A;
1103;https://i.imgur.com/7bReIln.jpg;foto-1103;descripcion-1103;N/A;N/A;N/A;N/A;N/A;
1102;https://i.imgur.com/tdvfDo4.jpg;foto-1102;descripcion-1102;N/A;N/A;N/A;N/A;N/A;
1101;https://i.imgur.com/66Yu23c.jpg;foto-1101;descripcion-1101;N/A;N/A;N/A;N/A;N/A;
1100;https://i.imgur.com/OpZRsN0.jpg;foto-1100;descripcion-1100;N/A;N/A;N/A;N/A;N/A;
1099;https://i.imgur.com/3UtFXz5.jpg;foto-1099;descripcion-1099;N/A;N/A;N/A;N/A;N/A;
1098;https://i.imgur.com/jamrgw5.jpg;foto-1098;descripcion-1098;N/A;N/A;N/A;N/A;N/A;
1097;https://i.imgur.com/DiM2CnZ.jpg;foto-1097;descripcion-1097;N/A;N/A;N/A;N/A;N/A;
1096;https://i.imgur.com/vxXWx1M.png;foto-1096;descripcion-1096;N/A;N/A;N/A;N/A;N/A;
1095;https://i.imgur.com/Dx7TOu9.png;foto-1095;descripcion-1095;N/A;N/A;N/A;N/A;N/A;
1094;https://i.imgur.com/ZRiQJJE.png;foto-1094;descripcion-1094;N/A;N/A;N/A;N/A;N/A;
1093;https://i.imgur.com/d4Shdia.png;foto-1093;descripcion-1093;N/A;N/A;N/A;N/A;N/A;
1092;https://i.imgur.com/0ixmdUo.gifv;foto-1092;descripcion-1092;N/A;N/A;N/A;N/A;N/A;
1091;https://i.imgur.com/72D5iP8.jpg;foto-1091;descripcion-1091;N/A;N/A;N/A;N/A;N/A;
1090;https://i.imgur.com/j7vnhGK.jpg;foto-1090;descripcion-1090;N/A;N/A;N/A;N/A;N/A;
1089;https://i.imgur.com/2QvuGYp.jpg;foto-1089;descripcion-1089;N/A;N/A;N/A;N/A;N/A;
1088;https://i.imgur.com/LSGtP22.png;foto-1088;descripcion-1088;N/A;N/A;N/A;N/A;N/A;
1087;https://i.imgur.com/8abXRTy.png;foto-1087;descripcion-1087;N/A;N/A;N/A;N/A;N/A;
1086;https://i.imgur.com/unU9lRA.jpg;foto-1086;descripcion-1086;N/A;N/A;N/A;N/A;N/A;
1085;https://i.imgur.com/xQcVsHy.png;foto-1085;descripcion-1085;N/A;N/A;N/A;N/A;N/A;
1084;https://i.imgur.com/NaVRgkQ.jpg;foto-1084;descripcion-1084;N/A;N/A;N/A;N/A;N/A;
1083;https://i.imgur.com/iXcSNas.jpg;foto-1083;descripcion-1083;N/A;N/A;N/A;N/A;N/A;
1082;https://i.imgur.com/JkacZvQ.jpg;foto-1082;descripcion-1082;N/A;N/A;N/A;N/A;N/A;
1081;https://i.imgur.com/SX8cbNu.jpg;foto-1081;descripcion-1081;N/A;N/A;N/A;N/A;N/A;
1080;https://i.imgur.com/dIXi29U.jpg;foto-1080;descripcion-1080;N/A;N/A;N/A;N/A;N/A;
1079;https://i.imgur.com/nQTB4DY.jpg;foto-1079;descripcion-1079;N/A;N/A;N/A;N/A;N/A;
1078;https://i.imgur.com/lB60H3m.jpg;foto-1078;descripcion-1078;N/A;N/A;N/A;N/A;N/A;
1077;https://i.imgur.com/7EO1ItP.jpg;foto-1077;descripcion-1077;N/A;N/A;N/A;N/A;N/A;
1076;https://i.imgur.com/knw2aHK.jpg;foto-1076;descripcion-1076;N/A;N/A;N/A;N/A;N/A;
1075;https://i.imgur.com/u17fOGx.jpg;foto-1075;descripcion-1075;N/A;N/A;N/A;N/A;N/A;
1074;https://i.imgur.com/DymYsjQ.jpg;foto-1074;descripcion-1074;N/A;N/A;N/A;N/A;N/A;
1073;https://i.imgur.com/PH8wEIz.jpg;foto-1073;descripcion-1073;N/A;N/A;N/A;N/A;N/A;
1072;https://i.imgur.com/po0CtWW.jpg;foto-1072;descripcion-1072;N/A;N/A;N/A;N/A;N/A;
1071;https://i.imgur.com/hDtZYGG.jpg;foto-1071;descripcion-1071;N/A;N/A;N/A;N/A;N/A;
1070;https://i.imgur.com/ULvoVK9.gif;foto-1070;descripcion-1070;N/A;N/A;N/A;N/A;N/A;
1069;https://i.imgur.com/VSSo0Ky.jpg;foto-1069;descripcion-1069;N/A;N/A;N/A;N/A;N/A;
1068;https://i.imgur.com/EK5Ldti.jpg;foto-1068;descripcion-1068;N/A;N/A;N/A;N/A;N/A;
1067;https://i.imgur.com/Dynz6FS.jpg;foto-1067;descripcion-1067;N/A;N/A;N/A;N/A;N/A;
1066;https://i.imgur.com/BmNRueh.jpg;foto-1066;descripcion-1066;N/A;N/A;N/A;N/A;N/A;
1065;https://i.imgur.com/QgUgNhY.jpg;foto-1065;descripcion-1065;N/A;N/A;N/A;N/A;N/A;
1064;https://i.imgur.com/LZyuyZL.jpg;foto-1064;descripcion-1064;N/A;N/A;N/A;N/A;N/A;
1063;https://i.imgur.com/uv54VwM.jpg;foto-1063;descripcion-1063;N/A;N/A;N/A;N/A;N/A;
1062;https://i.imgur.com/amMNQ6w.jpg;foto-1062;descripcion-1062;N/A;N/A;N/A;N/A;N/A;
1061;https://i.imgur.com/ddaLBH5.png;foto-1061;descripcion-1061;N/A;N/A;N/A;N/A;N/A;
1060;https://i.imgur.com/IHeXVyV.png;foto-1060;descripcion-1060;N/A;N/A;N/A;N/A;N/A;
1059;https://i.imgur.com/uC4wStP.png;foto-1059;descripcion-1059;N/A;N/A;N/A;N/A;N/A;
1058;https://i.imgur.com/K8X2zol.png;foto-1058;descripcion-1058;N/A;N/A;N/A;N/A;N/A;
1057;https://i.imgur.com/81vsJRS.jpg;foto-1057;descripcion-1057;N/A;N/A;N/A;N/A;N/A;
1056;https://i.imgur.com/dm6GetA.jpg;foto-1056;descripcion-1056;N/A;N/A;N/A;N/A;N/A;
1055;https://i.imgur.com/1Bx8jKr.jpg;foto-1055;descripcion-1055;N/A;N/A;N/A;N/A;N/A;
1054;https://i.imgur.com/oNiCIc2.jpg;foto-1054;descripcion-1054;N/A;N/A;N/A;N/A;N/A;
1053;https://i.imgur.com/BLdEZMq.jpg;foto-1053;descripcion-1053;N/A;N/A;N/A;N/A;N/A;
1052;https://i.imgur.com/jTlyDNf.jpg;foto-1052;descripcion-1052;N/A;N/A;N/A;N/A;N/A;
1051;https://i.imgur.com/mV0X1Yy.jpg;foto-1051;descripcion-1051;N/A;N/A;N/A;N/A;N/A;
1050;https://i.imgur.com/0G3zOmO.jpg;foto-1050;descripcion-1050;N/A;N/A;N/A;N/A;N/A;
1049;https://i.imgur.com/wjJv111.jpg;foto-1049;descripcion-1049;N/A;N/A;N/A;N/A;N/A;
1048;https://i.imgur.com/O9Cs2MT.jpg;foto-1048;descripcion-1048;N/A;N/A;N/A;N/A;N/A;
1047;https://i.imgur.com/LUYJjYN.jpg;foto-1047;descripcion-1047;N/A;N/A;N/A;N/A;N/A;
1046;https://i.imgur.com/iUQgHJ2.jpg;foto-1046;descripcion-1046;N/A;N/A;N/A;N/A;N/A;
1045;https://i.imgur.com/6BGcXR0.jpg;foto-1045;descripcion-1045;N/A;N/A;N/A;N/A;N/A;
1044;https://i.imgur.com/Htg94sW.jpg;foto-1044;descripcion-1044;N/A;N/A;N/A;N/A;N/A;
1043;https://i.imgur.com/J8gts6s.jpg;foto-1043;descripcion-1043;N/A;N/A;N/A;N/A;N/A;
1042;https://i.imgur.com/S0A2yzO.jpg;foto-1042;descripcion-1042;N/A;N/A;N/A;N/A;N/A;
1041;https://i.imgur.com/4yKJilw.jpg;foto-1041;descripcion-1041;N/A;N/A;N/A;N/A;N/A;
1040;https://i.imgur.com/oZOeFDq.png;foto-1040;descripcion-1040;N/A;N/A;N/A;N/A;N/A;
1039;https://i.imgur.com/qHdIfFx.jpg;foto-1039;descripcion-1039;N/A;N/A;N/A;N/A;N/A;
1038;https://i.imgur.com/V6VSEAE.jpg;foto-1038;descripcion-1038;N/A;N/A;N/A;N/A;N/A;
1037;https://i.imgur.com/QNFDCkf.jpg;foto-1037;descripcion-1037;N/A;N/A;N/A;N/A;N/A;
1036;https://i.imgur.com/xDtxqn2.jpg;foto-1036;descripcion-1036;N/A;N/A;N/A;N/A;N/A;
1035;https://i.imgur.com/Yb84kUc.jpg;foto-1035;descripcion-1035;N/A;N/A;N/A;N/A;N/A;
1034;https://i.imgur.com/eEB1Ovj.jpg;foto-1034;descripcion-1034;N/A;N/A;N/A;N/A;N/A;
1033;https://i.imgur.com/ziEog47.png;foto-1033;descripcion-1033;N/A;N/A;N/A;N/A;N/A;
1032;https://i.imgur.com/lbWGENN.jpg;foto-1032;descripcion-1032;N/A;N/A;N/A;N/A;N/A;
1031;https://i.imgur.com/TWRGufE.jpg;foto-1031;descripcion-1031;N/A;N/A;N/A;N/A;N/A;
1030;https://i.imgur.com/XyRqAY7.jpg;foto-1030;descripcion-1030;N/A;N/A;N/A;N/A;N/A;
1029;https://i.imgur.com/YwUy4kZ.jpg;foto-1029;descripcion-1029;N/A;N/A;N/A;N/A;N/A;
1028;https://i.imgur.com/Mnwsh8D.jpg;foto-1028;descripcion-1028;N/A;N/A;N/A;N/A;N/A;
1027;https://i.imgur.com/KZpyakn.jpg;foto-1027;descripcion-1027;N/A;N/A;N/A;N/A;N/A;
1026;https://i.imgur.com/vcEqaWv.jpg;foto-1026;descripcion-1026;N/A;N/A;N/A;N/A;N/A;
1025;https://i.imgur.com/7ZT8Nal.jpg;foto-1025;descripcion-1025;N/A;N/A;N/A;N/A;N/A;
1024;https://i.imgur.com/GO2S9zX.jpg;foto-1024;descripcion-1024;N/A;N/A;N/A;N/A;N/A;
1023;https://i.imgur.com/lrb83QW.jpg;foto-1023;descripcion-1023;N/A;N/A;N/A;N/A;N/A;
1022;https://i.imgur.com/MOGG5m9.jpg;foto-1022;descripcion-1022;N/A;N/A;N/A;N/A;N/A;
1021;https://i.imgur.com/w9gBtPZ.jpg;foto-1021;descripcion-1021;N/A;N/A;N/A;N/A;N/A;
1020;https://i.imgur.com/Q6i8g5g.jpg;foto-1020;descripcion-1020;N/A;N/A;N/A;N/A;N/A;
1019;https://i.imgur.com/N7GUrie.jpg;foto-1019;descripcion-1019;N/A;N/A;N/A;N/A;N/A;
1018;https://i.imgur.com/pWevv7D.jpg;foto-1018;descripcion-1018;N/A;N/A;N/A;N/A;N/A;
1017;https://i.imgur.com/iAv00hK.jpg;foto-1017;descripcion-1017;N/A;N/A;N/A;N/A;N/A;
1016;https://i.imgur.com/zpyOA0j.jpg;foto-1016;descripcion-1016;N/A;N/A;N/A;N/A;N/A;
1015;https://i.imgur.com/q1UoZFL.jpg;foto-1015;descripcion-1015;N/A;N/A;N/A;N/A;N/A;
1014;https://i.imgur.com/fsCQ7KS.jpg;foto-1014;descripcion-1014;N/A;N/A;N/A;N/A;N/A;
1013;https://i.imgur.com/RpYx0NU.jpg;foto-1013;descripcion-1013;N/A;N/A;N/A;N/A;N/A;
1012;https://i.imgur.com/Lgqd5rf.jpg;foto-1012;descripcion-1012;N/A;N/A;N/A;N/A;N/A;
1011;https://i.imgur.com/ee6Ua1v.jpg;foto-1011;descripcion-1011;N/A;N/A;N/A;N/A;N/A;
1010;https://i.imgur.com/Hx571aV.jpg;foto-1010;descripcion-1010;N/A;N/A;N/A;N/A;N/A;
1009;https://i.imgur.com/uL3l3ZL.jpg;foto-1009;descripcion-1009;N/A;N/A;N/A;N/A;N/A;
1008;https://i.imgur.com/c2ypVnB.jpg;foto-1008;descripcion-1008;N/A;N/A;N/A;N/A;N/A;
1007;https://i.imgur.com/FA21QDB.jpg;foto-1007;descripcion-1007;N/A;N/A;N/A;N/A;N/A;
1006;https://i.imgur.com/SxDTMqT.jpg;foto-1006;descripcion-1006;N/A;N/A;N/A;N/A;N/A;
1005;https://i.imgur.com/ez1m5M5.jpg;foto-1005;descripcion-1005;N/A;N/A;N/A;N/A;N/A;
1004;https://i.imgur.com/6sSBO6g.jpg;foto-1004;descripcion-1004;N/A;N/A;N/A;N/A;N/A;
1003;https://i.imgur.com/iwGHake.jpg;foto-1003;descripcion-1003;N/A;N/A;N/A;N/A;N/A;
1002;https://i.imgur.com/xcmR3Xi.jpg;foto-1002;descripcion-1002;N/A;N/A;N/A;N/A;N/A;
1001;https://i.imgur.com/JpvnzMG.jpg;foto-1001;descripcion-1001;N/A;N/A;N/A;N/A;N/A;
1000;https://i.imgur.com/mQykIWQ.jpg;foto-1000;descripcion-1000;N/A;N/A;N/A;N/A;N/A;
999;https://i.imgur.com/7LPFb8H.jpg;foto-999;descripcion-999;N/A;N/A;N/A;N/A;N/A;
998;https://i.imgur.com/D6Ydw9x.jpg;foto-998;descripcion-998;N/A;N/A;N/A;N/A;N/A;
997;https://i.imgur.com/VyjKy7f.jpg;foto-997;descripcion-997;N/A;N/A;N/A;N/A;N/A;
996;https://i.imgur.com/hAR2lZi.jpg;foto-996;descripcion-996;N/A;N/A;N/A;N/A;N/A;
995;https://i.imgur.com/VBgHtXR.jpg;foto-995;descripcion-995;N/A;N/A;N/A;N/A;N/A;
994;https://i.imgur.com/0zlEVpQ.jpg;foto-994;descripcion-994;N/A;N/A;N/A;N/A;N/A;
993;https://i.imgur.com/QQJDwSd.jpg;foto-993;descripcion-993;N/A;N/A;N/A;N/A;N/A;
992;https://i.imgur.com/q4Iy6u3.jpg;foto-992;descripcion-992;N/A;N/A;N/A;N/A;N/A;
991;https://i.imgur.com/BVzg82T.jpg;foto-991;descripcion-991;N/A;N/A;N/A;N/A;N/A;
990;https://i.imgur.com/Pehvgnb.jpg;foto-990;descripcion-990;N/A;N/A;N/A;N/A;N/A;
989;https://i.imgur.com/Q4WfERK.jpg;foto-989;descripcion-989;N/A;N/A;N/A;N/A;N/A;
988;https://i.imgur.com/Q5coWjB.jpg;foto-988;descripcion-988;N/A;N/A;N/A;N/A;N/A;
987;https://i.imgur.com/ySzrR6y.jpg;foto-987;descripcion-987;N/A;N/A;N/A;N/A;N/A;
986;https://i.imgur.com/tCPJrxt.jpg;foto-986;descripcion-986;N/A;N/A;N/A;N/A;N/A;
985;https://i.imgur.com/IJx5MZM.jpg;foto-985;descripcion-985;N/A;N/A;N/A;N/A;N/A;
984;https://i.imgur.com/4swlA3K.jpg;foto-984;descripcion-984;N/A;N/A;N/A;N/A;N/A;
983;https://i.imgur.com/DkB58aN.jpg;foto-983;descripcion-983;N/A;N/A;N/A;N/A;N/A;
982;https://i.imgur.com/pUT5ocJ.jpg;foto-982;descripcion-982;N/A;N/A;N/A;N/A;N/A;
981;https://i.imgur.com/1T2svkv.jpg;foto-981;descripcion-981;N/A;N/A;N/A;N/A;N/A;
980;https://i.imgur.com/n9dCa5V.jpg;foto-980;descripcion-980;N/A;N/A;N/A;N/A;N/A;
979;https://i.imgur.com/fpdWkju.jpg;foto-979;descripcion-979;N/A;N/A;N/A;N/A;N/A;
978;https://i.imgur.com/K2WU4BG.jpg;foto-978;descripcion-978;N/A;N/A;N/A;N/A;N/A;
977;https://i.imgur.com/tZ7F5Ym.jpg;foto-977;descripcion-977;N/A;N/A;N/A;N/A;N/A;
976;https://i.imgur.com/mvP7N4w.jpg;foto-976;descripcion-976;N/A;N/A;N/A;N/A;N/A;
975;https://i.imgur.com/vJKLUKF.jpg;foto-975;descripcion-975;N/A;N/A;N/A;N/A;N/A;
974;https://i.imgur.com/kjzKHps.jpg;foto-974;descripcion-974;N/A;N/A;N/A;N/A;N/A;
973;https://i.imgur.com/rqdW1n3.jpg;foto-973;descripcion-973;N/A;N/A;N/A;N/A;N/A;
972;https://i.imgur.com/VnCb83L.jpg;foto-972;descripcion-972;N/A;N/A;N/A;N/A;N/A;
971;https://i.imgur.com/RSSkgxL.jpg;foto-971;descripcion-971;N/A;N/A;N/A;N/A;N/A;
970;https://i.imgur.com/Dwe1wOj.jpg;foto-970;descripcion-970;N/A;N/A;N/A;N/A;N/A;
969;https://i.imgur.com/bxuz4az.jpg;foto-969;descripcion-969;N/A;N/A;N/A;N/A;N/A;
968;https://i.imgur.com/jidicKx.jpg;foto-968;descripcion-968;N/A;N/A;N/A;N/A;N/A;
967;https://i.imgur.com/FtavZG5.jpg;foto-967;descripcion-967;N/A;N/A;N/A;N/A;N/A;
966;https://i.imgur.com/DkoxeWv.jpg;foto-966;descripcion-966;N/A;N/A;N/A;N/A;N/A;
965;https://i.imgur.com/zAgpw6X.jpg;foto-965;descripcion-965;N/A;N/A;N/A;N/A;N/A;
964;https://i.imgur.com/605Kz0X.jpg;foto-964;descripcion-964;N/A;N/A;N/A;N/A;N/A;
963;https://i.imgur.com/M0ioiN8.jpg;foto-963;descripcion-963;N/A;N/A;N/A;N/A;N/A;
962;https://i.imgur.com/1SG6GMv.jpg;foto-962;descripcion-962;N/A;N/A;N/A;N/A;N/A;
961;https://i.imgur.com/0h07afj.jpg;foto-961;descripcion-961;N/A;N/A;N/A;N/A;N/A;
960;https://i.imgur.com/IG0VHIm.jpg;foto-960;descripcion-960;N/A;N/A;N/A;N/A;N/A;
959;https://i.imgur.com/GvXF0jU.jpg;foto-959;descripcion-959;N/A;N/A;N/A;N/A;N/A;
958;https://i.imgur.com/9VvZfG9.jpg;foto-958;descripcion-958;N/A;N/A;N/A;N/A;N/A;
957;https://i.imgur.com/nrkzeiX.jpg;foto-957;descripcion-957;N/A;N/A;N/A;N/A;N/A;
956;https://i.imgur.com/4qjKoQd.jpg;foto-956;descripcion-956;N/A;N/A;N/A;N/A;N/A;
955;https://i.imgur.com/ykNwBkz.jpg;foto-955;descripcion-955;N/A;N/A;N/A;N/A;N/A;
954;https://i.imgur.com/J6jLJoK.jpg;foto-954;descripcion-954;N/A;N/A;N/A;N/A;N/A;
953;https://i.imgur.com/owrFEpP.jpg;foto-953;descripcion-953;N/A;N/A;N/A;N/A;N/A;
952;https://i.imgur.com/fJ9ZbZq.jpg;foto-952;descripcion-952;N/A;N/A;N/A;N/A;N/A;
951;https://i.imgur.com/ybm9Ivs.jpg;foto-951;descripcion-951;N/A;N/A;N/A;N/A;N/A;
950;https://i.imgur.com/YccLox7.jpg;foto-950;descripcion-950;N/A;N/A;N/A;N/A;N/A;
949;https://i.imgur.com/FPsArbO.jpg;foto-949;descripcion-949;N/A;N/A;N/A;N/A;N/A;
948;https://i.imgur.com/AxMgZgb.jpg;foto-948;descripcion-948;N/A;N/A;N/A;N/A;N/A;
947;https://i.imgur.com/zTw2hs7.jpg;foto-947;descripcion-947;N/A;N/A;N/A;N/A;N/A;
946;https://i.imgur.com/vNJVQSk.png;foto-946;descripcion-946;N/A;N/A;N/A;N/A;N/A;
945;https://i.imgur.com/qow5cwy.jpg;foto-945;descripcion-945;N/A;N/A;N/A;N/A;N/A;
944;https://i.imgur.com/byppuTk.jpg;foto-944;descripcion-944;N/A;N/A;N/A;N/A;N/A;
943;https://i.imgur.com/EGgaVmt.jpg;foto-943;descripcion-943;N/A;N/A;N/A;N/A;N/A;
942;https://i.imgur.com/I56UTFn.jpg;foto-942;descripcion-942;N/A;N/A;N/A;N/A;N/A;
941;https://i.imgur.com/GM3pDe6.jpg;foto-941;descripcion-941;N/A;N/A;N/A;N/A;N/A;
940;https://i.imgur.com/oxv3IoB.jpg;foto-940;descripcion-940;N/A;N/A;N/A;N/A;N/A;
939;https://i.imgur.com/PDCnqFt.png;foto-939;descripcion-939;N/A;N/A;N/A;N/A;N/A;
938;https://i.imgur.com/GcsDJem.png;foto-938;descripcion-938;N/A;N/A;N/A;N/A;N/A;
937;https://i.imgur.com/rZuhBu5.png;foto-937;descripcion-937;N/A;N/A;N/A;N/A;N/A;
936;https://i.imgur.com/5MikBqt.png;foto-936;descripcion-936;N/A;N/A;N/A;N/A;N/A;
935;https://i.imgur.com/7yb7hXR.jpg;foto-935;descripcion-935;N/A;N/A;N/A;N/A;N/A;
934;https://i.imgur.com/f0SgLev.jpg;foto-934;descripcion-934;N/A;N/A;N/A;N/A;N/A;
933;https://i.imgur.com/noiX4PZ.jpg;foto-933;descripcion-933;N/A;N/A;N/A;N/A;N/A;
932;https://i.imgur.com/QPoupPW.jpg;foto-932;descripcion-932;N/A;N/A;N/A;N/A;N/A;
931;https://i.imgur.com/UIMe3SM.png;foto-931;descripcion-931;N/A;N/A;N/A;N/A;N/A;
930;https://i.imgur.com/5S1eT7h.png;foto-930;descripcion-930;N/A;N/A;N/A;N/A;N/A;
929;https://i.imgur.com/q2Xn3HP.png;foto-929;descripcion-929;N/A;N/A;N/A;N/A;N/A;
928;https://i.imgur.com/4Hj8KBQ.jpg;foto-928;descripcion-928;N/A;N/A;N/A;N/A;N/A;
927;https://i.imgur.com/rqmPnkZ.jpg;foto-927;descripcion-927;N/A;N/A;N/A;N/A;N/A;
926;https://i.imgur.com/zMIuCcD.jpg;foto-926;descripcion-926;N/A;N/A;N/A;N/A;N/A;
925;https://i.imgur.com/fLTqVVz.jpg;foto-925;descripcion-925;N/A;N/A;N/A;N/A;N/A;
924;https://i.imgur.com/uLwG9Hb.jpg;foto-924;descripcion-924;N/A;N/A;N/A;N/A;N/A;
923;https://i.imgur.com/bnRHYpG.jpg;foto-923;descripcion-923;N/A;N/A;N/A;N/A;N/A;
922;https://i.imgur.com/WdiCdzN.jpg;foto-922;descripcion-922;N/A;N/A;N/A;N/A;N/A;
921;https://i.imgur.com/nmlHYD7.jpg;foto-921;descripcion-921;N/A;N/A;N/A;N/A;N/A;
920;https://i.imgur.com/jawV15Z.jpg;foto-920;descripcion-920;N/A;N/A;N/A;N/A;N/A;
919;https://i.imgur.com/efmh69x.jpg;foto-919;descripcion-919;N/A;N/A;N/A;N/A;N/A;
918;https://i.imgur.com/6Za8qvP.jpg;foto-918;descripcion-918;N/A;N/A;N/A;N/A;N/A;
917;https://i.imgur.com/2gFeapV.jpg;foto-917;descripcion-917;N/A;N/A;N/A;N/A;N/A;
916;https://i.imgur.com/qElDygw.jpg;foto-916;descripcion-916;N/A;N/A;N/A;N/A;N/A;
915;https://i.imgur.com/3yIPyfc.jpg;foto-915;descripcion-915;N/A;N/A;N/A;N/A;N/A;
914;https://i.imgur.com/otuB2gt.jpg;foto-914;descripcion-914;N/A;N/A;N/A;N/A;N/A;
913;https://i.imgur.com/q909FuX.jpg;foto-913;descripcion-913;N/A;N/A;N/A;N/A;N/A;
912;https://i.imgur.com/ZspaSXB.jpg;foto-912;descripcion-912;N/A;N/A;N/A;N/A;N/A;
911;https://i.imgur.com/i1YKsgw.jpg;foto-911;descripcion-911;N/A;N/A;N/A;N/A;N/A;
910;https://i.imgur.com/tkhPJH9.jpg;foto-910;descripcion-910;N/A;N/A;N/A;N/A;N/A;
909;https://i.imgur.com/X0NhyTO.jpg;foto-909;descripcion-909;N/A;N/A;N/A;N/A;N/A;
908;https://i.imgur.com/TYRE85N.jpg;foto-908;descripcion-908;N/A;N/A;N/A;N/A;N/A;
907;https://i.imgur.com/I4WqBs2.jpg;foto-907;descripcion-907;N/A;N/A;N/A;N/A;N/A;
906;https://i.imgur.com/5OPWLD7.jpg;foto-906;descripcion-906;N/A;N/A;N/A;N/A;N/A;
905;https://i.imgur.com/sDuHO0y.jpg;foto-905;descripcion-905;N/A;N/A;N/A;N/A;N/A;
904;https://i.imgur.com/lUjNmfo.jpg;foto-904;descripcion-904;N/A;N/A;N/A;N/A;N/A;
903;https://i.imgur.com/I56x6BH.jpg;foto-903;descripcion-903;N/A;N/A;N/A;N/A;N/A;
902;https://i.imgur.com/HONGzvZ.jpg;foto-902;descripcion-902;N/A;N/A;N/A;N/A;N/A;
901;https://i.imgur.com/did33y6.jpg;foto-901;descripcion-901;N/A;N/A;N/A;N/A;N/A;
900;https://i.imgur.com/iqwFEPR.jpg;foto-900;descripcion-900;N/A;N/A;N/A;N/A;N/A;
899;https://i.imgur.com/2KJKSDW.jpg;foto-899;descripcion-899;N/A;N/A;N/A;N/A;N/A;
898;https://i.imgur.com/uNbHW72.jpg;foto-898;descripcion-898;N/A;N/A;N/A;N/A;N/A;
897;https://i.imgur.com/9mtBSN6.jpg;foto-897;descripcion-897;N/A;N/A;N/A;N/A;N/A;
896;https://i.imgur.com/UsZQzoa.png;foto-896;descripcion-896;N/A;N/A;N/A;N/A;N/A;
895;https://i.imgur.com/AcpltSS.png;foto-895;descripcion-895;N/A;N/A;N/A;N/A;N/A;
894;https://i.imgur.com/Gfbtd1O.jpg;foto-894;descripcion-894;N/A;N/A;N/A;N/A;N/A;
893;https://i.imgur.com/SS1FAUX.jpg;foto-893;descripcion-893;N/A;N/A;N/A;N/A;N/A;
892;https://i.imgur.com/ACxisoz.jpg;foto-892;descripcion-892;N/A;N/A;N/A;N/A;N/A;
891;https://i.imgur.com/UxlUzSz.jpg;foto-891;descripcion-891;N/A;N/A;N/A;N/A;N/A;
890;https://i.imgur.com/Fj2g7A3.png;foto-890;descripcion-890;N/A;N/A;N/A;N/A;N/A;
889;https://i.imgur.com/ygoxW4V.png;foto-889;descripcion-889;N/A;N/A;N/A;N/A;N/A;
888;https://i.imgur.com/yxWqbTA.png;foto-888;descripcion-888;N/A;N/A;N/A;N/A;N/A;
887;https://i.imgur.com/B5Xt0vH.png;foto-887;descripcion-887;N/A;N/A;N/A;N/A;N/A;
886;https://i.imgur.com/SWeSRrC.jpg;foto-886;descripcion-886;N/A;N/A;N/A;N/A;N/A;
885;https://i.imgur.com/Ise8Xrp.jpg;foto-885;descripcion-885;N/A;N/A;N/A;N/A;N/A;
884;https://i.imgur.com/bJvXmFv.jpg;foto-884;descripcion-884;N/A;N/A;N/A;N/A;N/A;
883;https://i.imgur.com/pYpddkf.jpg;foto-883;descripcion-883;N/A;N/A;N/A;N/A;N/A;
882;https://i.imgur.com/G3kKSJJ.jpg;foto-882;descripcion-882;N/A;N/A;N/A;N/A;N/A;
881;https://i.imgur.com/wmd5WLq.jpg;foto-881;descripcion-881;N/A;N/A;N/A;N/A;N/A;
880;https://i.imgur.com/pETeY8f.jpg;foto-880;descripcion-880;N/A;N/A;N/A;N/A;N/A;
879;https://i.imgur.com/DIJY13e.jpg;foto-879;descripcion-879;N/A;N/A;N/A;N/A;N/A;
878;https://i.imgur.com/TQQUuq7.jpg;foto-878;descripcion-878;N/A;N/A;N/A;N/A;N/A;
877;https://i.imgur.com/TNi1EUG.jpg;foto-877;descripcion-877;N/A;N/A;N/A;N/A;N/A;
876;https://i.imgur.com/6wLM7a6.jpg;foto-876;descripcion-876;N/A;N/A;N/A;N/A;N/A;
875;https://i.imgur.com/QGjDswR.jpg;foto-875;descripcion-875;N/A;N/A;N/A;N/A;N/A;
874;https://i.imgur.com/JTzD4Gz.jpg;foto-874;descripcion-874;N/A;N/A;N/A;N/A;N/A;
873;https://i.imgur.com/9erXQlF.jpg;foto-873;descripcion-873;N/A;N/A;N/A;N/A;N/A;
872;https://i.imgur.com/cCrAf4O.jpg;foto-872;descripcion-872;N/A;N/A;N/A;N/A;N/A;
871;https://i.imgur.com/BAoIuES.jpg;foto-871;descripcion-871;N/A;N/A;N/A;N/A;N/A;
870;https://i.imgur.com/jCvA4VL.jpg;foto-870;descripcion-870;N/A;N/A;N/A;N/A;N/A;
869;https://i.imgur.com/RT2vulb.jpg;foto-869;descripcion-869;N/A;N/A;N/A;N/A;N/A;
868;https://i.imgur.com/FchPrtG.jpg;foto-868;descripcion-868;N/A;N/A;N/A;N/A;N/A;
867;https://i.imgur.com/z2kP0Rw.png;foto-867;descripcion-867;N/A;N/A;N/A;N/A;N/A;
866;https://i.imgur.com/pvJJ3qj.jpg;foto-866;descripcion-866;N/A;N/A;N/A;N/A;N/A;
865;https://i.imgur.com/GYz7PSQ.jpg;foto-865;descripcion-865;N/A;N/A;N/A;N/A;N/A;
864;https://i.imgur.com/bKvBToo.jpg;foto-864;descripcion-864;N/A;N/A;N/A;N/A;N/A;
863;https://i.imgur.com/eG117mN.jpg;foto-863;descripcion-863;N/A;N/A;N/A;N/A;N/A;
862;https://i.imgur.com/Psj74v4.jpg;foto-862;descripcion-862;N/A;N/A;N/A;N/A;N/A;
861;https://i.imgur.com/kUMbwUq.jpg;foto-861;descripcion-861;N/A;N/A;N/A;N/A;N/A;
860;https://i.imgur.com/x4EVZfz.jpg;foto-860;descripcion-860;N/A;N/A;N/A;N/A;N/A;
859;https://i.imgur.com/6Mrl0bA.jpg;foto-859;descripcion-859;N/A;N/A;N/A;N/A;N/A;
858;https://i.imgur.com/OTkounj.jpg;foto-858;descripcion-858;N/A;N/A;N/A;N/A;N/A;
857;https://i.imgur.com/TQW5Z9m.jpg;foto-857;descripcion-857;N/A;N/A;N/A;N/A;N/A;
856;https://i.imgur.com/kr0QQXW.jpg;foto-856;descripcion-856;N/A;N/A;N/A;N/A;N/A;
855;https://i.imgur.com/o1c4Xfa.jpg;foto-855;descripcion-855;N/A;N/A;N/A;N/A;N/A;
854;https://i.imgur.com/chOSvH8.jpg;foto-854;descripcion-854;N/A;N/A;N/A;N/A;N/A;
853;https://i.imgur.com/NFTZDsQ.jpg;foto-853;descripcion-853;N/A;N/A;N/A;N/A;N/A;
852;https://i.imgur.com/xtGJJbX.jpg;foto-852;descripcion-852;N/A;N/A;N/A;N/A;N/A;
851;https://i.imgur.com/5b6pnr5.jpg;foto-851;descripcion-851;N/A;N/A;N/A;N/A;N/A;
850;https://i.imgur.com/MW6Ftpl.jpg;foto-850;descripcion-850;N/A;N/A;N/A;N/A;N/A;
849;https://i.imgur.com/dl8WesN.jpg;foto-849;descripcion-849;N/A;N/A;N/A;N/A;N/A;
848;https://i.imgur.com/M9G9wcc.jpg;foto-848;descripcion-848;N/A;N/A;N/A;N/A;N/A;
847;https://i.imgur.com/gq2o3Lk.jpg;foto-847;descripcion-847;N/A;N/A;N/A;N/A;N/A;
846;https://i.imgur.com/x2tjIiq.jpg;foto-846;descripcion-846;N/A;N/A;N/A;N/A;N/A;
845;https://i.imgur.com/DNAsCC6.jpg;foto-845;descripcion-845;N/A;N/A;N/A;N/A;N/A;
844;https://i.imgur.com/X8f0uRq.jpg;foto-844;descripcion-844;N/A;N/A;N/A;N/A;N/A;
843;https://i.imgur.com/PsrgQI4.jpg;foto-843;descripcion-843;N/A;N/A;N/A;N/A;N/A;
842;https://i.imgur.com/SW38jcX.jpg;foto-842;descripcion-842;N/A;N/A;N/A;N/A;N/A;
841;https://i.imgur.com/g5dn5hP.jpg;foto-841;descripcion-841;N/A;N/A;N/A;N/A;N/A;
840;https://i.imgur.com/HfLrXGg.jpg;foto-840;descripcion-840;N/A;N/A;N/A;N/A;N/A;
839;https://i.imgur.com/ot4D5dd.jpg;foto-839;descripcion-839;N/A;N/A;N/A;N/A;N/A;
838;https://i.imgur.com/et0ML9L.jpg;foto-838;descripcion-838;N/A;N/A;N/A;N/A;N/A;
837;https://i.imgur.com/5bBrSfu.png;foto-837;descripcion-837;N/A;N/A;N/A;N/A;N/A;
836;https://i.imgur.com/HoB7pYw.jpg;foto-836;descripcion-836;N/A;N/A;N/A;N/A;N/A;
835;https://i.imgur.com/vk6BUFM.jpg;foto-835;descripcion-835;N/A;N/A;N/A;N/A;N/A;
834;https://i.imgur.com/h8lUTM5.jpg;foto-834;descripcion-834;N/A;N/A;N/A;N/A;N/A;
833;https://i.imgur.com/jYkEyMU.jpg;foto-833;descripcion-833;N/A;N/A;N/A;N/A;N/A;
832;https://i.imgur.com/WII5BES.jpg;foto-832;descripcion-832;N/A;N/A;N/A;N/A;N/A;
831;https://i.imgur.com/LeCsuBt.jpg;foto-831;descripcion-831;N/A;N/A;N/A;N/A;N/A;
830;https://i.imgur.com/C2xPtYG.jpg;foto-830;descripcion-830;N/A;N/A;N/A;N/A;N/A;
829;https://i.imgur.com/cFWsB7P.jpg;foto-829;descripcion-829;N/A;N/A;N/A;N/A;N/A;
828;https://i.imgur.com/GFqURrU.jpg;foto-828;descripcion-828;N/A;N/A;N/A;N/A;N/A;
827;https://i.imgur.com/4HiunhD.jpg;foto-827;descripcion-827;N/A;N/A;N/A;N/A;N/A;
826;https://i.imgur.com/sQv2tmq.jpg;foto-826;descripcion-826;N/A;N/A;N/A;N/A;N/A;
825;https://i.imgur.com/nTUJqdN.jpg;foto-825;descripcion-825;N/A;N/A;N/A;N/A;N/A;
824;https://i.imgur.com/8C6nVfw.jpg;foto-824;descripcion-824;N/A;N/A;N/A;N/A;N/A;
823;https://i.imgur.com/GGpwqYC.png;foto-823;descripcion-823;N/A;N/A;N/A;N/A;N/A;
822;https://i.imgur.com/WG2DA1i.jpg;foto-822;descripcion-822;N/A;N/A;N/A;N/A;N/A;
821;https://i.imgur.com/DDbXJJx.jpg;foto-821;descripcion-821;N/A;N/A;N/A;N/A;N/A;
820;https://i.imgur.com/oIAXLCP.jpg;foto-820;descripcion-820;N/A;N/A;N/A;N/A;N/A;
819;https://i.imgur.com/CIBWjdk.jpg;foto-819;descripcion-819;N/A;N/A;N/A;N/A;N/A;
818;https://i.imgur.com/TGMsMcM.jpg;foto-818;descripcion-818;N/A;N/A;N/A;N/A;N/A;
817;https://i.imgur.com/M3FOeFh.jpg;foto-817;descripcion-817;N/A;N/A;N/A;N/A;N/A;
816;https://i.imgur.com/8jbz4rt.jpg;foto-816;descripcion-816;N/A;N/A;N/A;N/A;N/A;
815;https://i.imgur.com/fp99WEJ.jpg;foto-815;descripcion-815;N/A;N/A;N/A;N/A;N/A;
814;https://i.imgur.com/DzDih8j.jpg;foto-814;descripcion-814;N/A;N/A;N/A;N/A;N/A;
813;https://i.imgur.com/yXn1NBM.jpg;foto-813;descripcion-813;N/A;N/A;N/A;N/A;N/A;
812;https://i.imgur.com/LooyU6K.jpg;foto-812;descripcion-812;N/A;N/A;N/A;N/A;N/A;
811;https://i.imgur.com/c6rdRiO.jpg;foto-811;descripcion-811;N/A;N/A;N/A;N/A;N/A;
810;https://i.imgur.com/QdKUQBm.jpg;foto-810;descripcion-810;N/A;N/A;N/A;N/A;N/A;
809;https://i.imgur.com/UIRtsFs.png;foto-809;descripcion-809;N/A;N/A;N/A;N/A;N/A;
808;https://i.imgur.com/KnDBowR.png;foto-808;descripcion-808;N/A;N/A;N/A;N/A;N/A;
807;https://i.imgur.com/va1bsqe.png;foto-807;descripcion-807;N/A;N/A;N/A;N/A;N/A;
806;https://i.imgur.com/DJZEORF.png;foto-806;descripcion-806;N/A;N/A;N/A;N/A;N/A;
805;https://i.imgur.com/7gQYiIB.jpg;foto-805;descripcion-805;N/A;N/A;N/A;N/A;N/A;
804;https://i.imgur.com/FehHD4T.png;foto-804;descripcion-804;N/A;N/A;N/A;N/A;N/A;
803;https://i.imgur.com/IQ25yBk.png;foto-803;descripcion-803;N/A;N/A;N/A;N/A;N/A;
802;https://i.imgur.com/gQGCrOi.jpg;foto-802;descripcion-802;N/A;N/A;N/A;N/A;N/A;
801;https://i.imgur.com/GUgPUCP.png;foto-801;descripcion-801;N/A;N/A;N/A;N/A;N/A;
800;https://i.imgur.com/G1zSqux.png;foto-800;descripcion-800;N/A;N/A;N/A;N/A;N/A;
799;https://i.imgur.com/OQTquXy.png;foto-799;descripcion-799;N/A;N/A;N/A;N/A;N/A;
798;https://i.imgur.com/qPdNIQq.png;foto-798;descripcion-798;N/A;N/A;N/A;N/A;N/A;
797;https://i.imgur.com/8XkKg3l.png;foto-797;descripcion-797;N/A;N/A;N/A;N/A;N/A;
796;https://i.imgur.com/RPIAZZQ.png;foto-796;descripcion-796;N/A;N/A;N/A;N/A;N/A;
795;https://i.imgur.com/JnNad5Z.png;foto-795;descripcion-795;N/A;N/A;N/A;N/A;N/A;
794;https://i.imgur.com/fVUwouI.png;foto-794;descripcion-794;N/A;N/A;N/A;N/A;N/A;
793;https://i.imgur.com/lwMxx3t.png;foto-793;descripcion-793;N/A;N/A;N/A;N/A;N/A;
792;https://i.imgur.com/89VkcqO.png;foto-792;descripcion-792;N/A;N/A;N/A;N/A;N/A;
791;https://i.imgur.com/U53apmt.png;foto-791;descripcion-791;N/A;N/A;N/A;N/A;N/A;
790;https://i.imgur.com/NRJjUG4.jpg;foto-790;descripcion-790;N/A;N/A;N/A;N/A;N/A;
789;https://i.imgur.com/lIJAfui.jpg;foto-789;descripcion-789;N/A;N/A;N/A;N/A;N/A;
788;https://i.imgur.com/gLil3hD.jpg;foto-788;descripcion-788;N/A;N/A;N/A;N/A;N/A;
787;https://i.imgur.com/2PjEehE.jpg;foto-787;descripcion-787;N/A;N/A;N/A;N/A;N/A;
786;https://i.imgur.com/MdQhZlC.jpg;foto-786;descripcion-786;N/A;N/A;N/A;N/A;N/A;
785;https://i.imgur.com/T04Y8ML.jpg;foto-785;descripcion-785;N/A;N/A;N/A;N/A;N/A;
784;https://i.imgur.com/YaZegwE.jpg;foto-784;descripcion-784;N/A;N/A;N/A;N/A;N/A;
783;https://i.imgur.com/DneIHjL.jpg;foto-783;descripcion-783;N/A;N/A;N/A;N/A;N/A;
782;https://i.imgur.com/N4M6ikR.jpg;foto-782;descripcion-782;N/A;N/A;N/A;N/A;N/A;
781;https://i.imgur.com/AgmmWoY.jpg;foto-781;descripcion-781;N/A;N/A;N/A;N/A;N/A;
780;https://i.imgur.com/TKM5nvJ.jpg;foto-780;descripcion-780;N/A;N/A;N/A;N/A;N/A;
779;https://i.imgur.com/sW1iKwi.jpg;foto-779;descripcion-779;N/A;N/A;N/A;N/A;N/A;
778;https://i.imgur.com/vnPDD4g.jpg;foto-778;descripcion-778;N/A;N/A;N/A;N/A;N/A;
777;https://i.imgur.com/T60GfUw.jpg;foto-777;descripcion-777;N/A;N/A;N/A;N/A;N/A;
776;https://i.imgur.com/xshubNt.jpg;foto-776;descripcion-776;N/A;N/A;N/A;N/A;N/A;
775;https://i.imgur.com/IMaRN8f.png;foto-775;descripcion-775;N/A;N/A;N/A;N/A;N/A;
774;https://i.imgur.com/ZiWZQ9D.jpg;foto-774;descripcion-774;N/A;N/A;N/A;N/A;N/A;
773;https://i.imgur.com/rnIxP6h.jpg;foto-773;descripcion-773;N/A;N/A;N/A;N/A;N/A;
772;https://i.imgur.com/AMnKwTV.jpg;foto-772;descripcion-772;N/A;N/A;N/A;N/A;N/A;
771;https://i.imgur.com/zjr2oJr.png;foto-771;descripcion-771;N/A;N/A;N/A;N/A;N/A;
770;https://i.imgur.com/fSPvvh5.png;foto-770;descripcion-770;N/A;N/A;N/A;N/A;N/A;
769;https://i.imgur.com/jtW4eXr.png;foto-769;descripcion-769;N/A;N/A;N/A;N/A;N/A;
768;https://i.imgur.com/FuT9Qj8.png;foto-768;descripcion-768;N/A;N/A;N/A;N/A;N/A;
767;https://i.imgur.com/yQznCBO.jpg;foto-767;descripcion-767;N/A;N/A;N/A;N/A;N/A;
766;https://i.imgur.com/F23PMAt.jpg;foto-766;descripcion-766;N/A;N/A;N/A;N/A;N/A;
765;https://i.imgur.com/TJ7XY0d.jpg;foto-765;descripcion-765;N/A;N/A;N/A;N/A;N/A;
764;https://i.imgur.com/ZLUmBKI.jpg;foto-764;descripcion-764;N/A;N/A;N/A;N/A;N/A;
763;https://i.imgur.com/9seIbqM.jpg;foto-763;descripcion-763;N/A;N/A;N/A;N/A;N/A;
762;https://i.imgur.com/A7hmygV.jpg;foto-762;descripcion-762;N/A;N/A;N/A;N/A;N/A;
761;https://i.imgur.com/aw1IHof.jpg;foto-761;descripcion-761;N/A;N/A;N/A;N/A;N/A;
760;https://i.imgur.com/v9GGXK6.jpg;foto-760;descripcion-760;N/A;N/A;N/A;N/A;N/A;
759;https://i.imgur.com/vNL4B7w.jpg;foto-759;descripcion-759;N/A;N/A;N/A;N/A;N/A;
758;https://i.imgur.com/bQW5GhE.jpg;foto-758;descripcion-758;N/A;N/A;N/A;N/A;N/A;
757;https://i.imgur.com/b3uUQcv.jpg;foto-757;descripcion-757;N/A;N/A;N/A;N/A;N/A;
756;https://i.imgur.com/oS9GnUV.jpg;foto-756;descripcion-756;N/A;N/A;N/A;N/A;N/A;
755;https://i.imgur.com/9vPsmmO.jpg;foto-755;descripcion-755;N/A;N/A;N/A;N/A;N/A;
754;https://i.imgur.com/fWoDH5S.jpg;foto-754;descripcion-754;N/A;N/A;N/A;N/A;N/A;
753;https://i.imgur.com/GvBLXN3.jpg;foto-753;descripcion-753;N/A;N/A;N/A;N/A;N/A;
752;https://i.imgur.com/HqdnDMq.jpg;foto-752;descripcion-752;N/A;N/A;N/A;N/A;N/A;
751;https://i.imgur.com/Z4pNUeR.jpg;foto-751;descripcion-751;N/A;N/A;N/A;N/A;N/A;
750;https://i.imgur.com/c1CMdns.jpg;foto-750;descripcion-750;N/A;N/A;N/A;N/A;N/A;
749;https://i.imgur.com/Rr86cxI.jpg;foto-749;descripcion-749;N/A;N/A;N/A;N/A;N/A;
748;https://i.imgur.com/MBBc2nu.jpg;foto-748;descripcion-748;N/A;N/A;N/A;N/A;N/A;
747;https://i.imgur.com/5Bc6Iuw.jpg;foto-747;descripcion-747;N/A;N/A;N/A;N/A;N/A;
746;https://i.imgur.com/eoc34Mz.jpg;foto-746;descripcion-746;N/A;N/A;N/A;N/A;N/A;
745;https://i.imgur.com/dogHqVc.png;foto-745;descripcion-745;N/A;N/A;N/A;N/A;N/A;
744;https://i.imgur.com/Hp1x7Co.jpg;foto-744;descripcion-744;N/A;N/A;N/A;N/A;N/A;
743;https://i.imgur.com/PIBvZHe.jpg;foto-743;descripcion-743;N/A;N/A;N/A;N/A;N/A;
742;https://i.imgur.com/DP9mQBj.jpg;foto-742;descripcion-742;N/A;N/A;N/A;N/A;N/A;
741;https://i.imgur.com/lWEdvNQ.jpg;foto-741;descripcion-741;N/A;N/A;N/A;N/A;N/A;
740;https://i.imgur.com/BR92MYW.jpg;foto-740;descripcion-740;N/A;N/A;N/A;N/A;N/A;
739;https://i.imgur.com/nWVHAZJ.jpg;foto-739;descripcion-739;N/A;N/A;N/A;N/A;N/A;
738;https://i.imgur.com/sgt69eM.jpg;foto-738;descripcion-738;N/A;N/A;N/A;N/A;N/A;
737;https://i.imgur.com/B3e39rY.jpg;foto-737;descripcion-737;N/A;N/A;N/A;N/A;N/A;
736;https://i.imgur.com/dwIEEXr.jpg;foto-736;descripcion-736;N/A;N/A;N/A;N/A;N/A;
735;https://i.imgur.com/xeT2cWu.jpg;foto-735;descripcion-735;N/A;N/A;N/A;N/A;N/A;
734;https://i.imgur.com/RP0G5lW.jpg;foto-734;descripcion-734;N/A;N/A;N/A;N/A;N/A;
733;https://i.imgur.com/1EfVCkO.jpg;foto-733;descripcion-733;N/A;N/A;N/A;N/A;N/A;
732;https://i.imgur.com/MSKxOAA.jpg;foto-732;descripcion-732;N/A;N/A;N/A;N/A;N/A;
731;https://i.imgur.com/Wa9Jjun.png;foto-731;descripcion-731;N/A;N/A;N/A;N/A;N/A;
730;https://i.imgur.com/W2PsDdO.png;foto-730;descripcion-730;N/A;N/A;N/A;N/A;N/A;
729;https://i.imgur.com/hfpFFda.png;foto-729;descripcion-729;N/A;N/A;N/A;N/A;N/A;
728;https://i.imgur.com/w3WcPQM.jpg;foto-728;descripcion-728;N/A;N/A;N/A;N/A;N/A;
727;https://i.imgur.com/uS3PRga.jpg;foto-727;descripcion-727;N/A;N/A;N/A;N/A;N/A;
726;https://i.imgur.com/ZhA2qbk.jpg;foto-726;descripcion-726;N/A;N/A;N/A;N/A;N/A;
725;https://i.imgur.com/SxuyHJk.jpg;foto-725;descripcion-725;N/A;N/A;N/A;N/A;N/A;
724;https://i.imgur.com/w9duTId.jpg;foto-724;descripcion-724;N/A;N/A;N/A;N/A;N/A;
723;https://i.imgur.com/p0mO4p0.jpg;foto-723;descripcion-723;N/A;N/A;N/A;N/A;N/A;
722;https://i.imgur.com/exntp6s.png;foto-722;descripcion-722;N/A;N/A;N/A;N/A;N/A;
721;https://i.imgur.com/o2f91Ig.png;foto-721;descripcion-721;N/A;N/A;N/A;N/A;N/A;
720;https://i.imgur.com/JKNPEeb.jpg;foto-720;descripcion-720;N/A;N/A;N/A;N/A;N/A;
719;https://i.imgur.com/PJhjd7x.jpg;foto-719;descripcion-719;N/A;N/A;N/A;N/A;N/A;
718;https://i.imgur.com/ypl0q7H.jpg;foto-718;descripcion-718;N/A;N/A;N/A;N/A;N/A;
717;https://i.imgur.com/nX5SFqv.jpg;foto-717;descripcion-717;N/A;N/A;N/A;N/A;N/A;
716;https://i.imgur.com/Xbyyx40.jpg;foto-716;descripcion-716;N/A;N/A;N/A;N/A;N/A;
715;https://i.imgur.com/Uh7uJdx.jpg;foto-715;descripcion-715;N/A;N/A;N/A;N/A;N/A;
714;https://i.imgur.com/qztIzWP.jpg;foto-714;descripcion-714;N/A;N/A;N/A;N/A;N/A;
713;https://i.imgur.com/f35Xf9e.jpg;foto-713;descripcion-713;N/A;N/A;N/A;N/A;N/A;
712;https://i.imgur.com/otRkOVG.jpg;foto-712;descripcion-712;N/A;N/A;N/A;N/A;N/A;
711;https://i.imgur.com/arIWcB6.jpg;foto-711;descripcion-711;N/A;N/A;N/A;N/A;N/A;
710;https://i.imgur.com/3lOh0kJ.jpg;foto-710;descripcion-710;N/A;N/A;N/A;N/A;N/A;
709;https://i.imgur.com/OchxxmG.jpg;foto-709;descripcion-709;N/A;N/A;N/A;N/A;N/A;
708;https://i.imgur.com/p5IMbuS.jpg;foto-708;descripcion-708;N/A;N/A;N/A;N/A;N/A;
707;https://i.imgur.com/kYbcWB7.jpg;foto-707;descripcion-707;N/A;N/A;N/A;N/A;N/A;
706;https://i.imgur.com/LsivFhE.jpg;foto-706;descripcion-706;N/A;N/A;N/A;N/A;N/A;
705;https://i.imgur.com/MqcIoUL.png;foto-705;descripcion-705;N/A;N/A;N/A;N/A;N/A;
704;https://i.imgur.com/cKu49sq.png;foto-704;descripcion-704;N/A;N/A;N/A;N/A;N/A;
703;https://i.imgur.com/YHySgVy.png;foto-703;descripcion-703;N/A;N/A;N/A;N/A;N/A;
702;https://i.imgur.com/cSLDYPD.jpg;foto-702;descripcion-702;N/A;N/A;N/A;N/A;N/A;
701;https://i.imgur.com/o6fx9n8.jpg;foto-701;descripcion-701;N/A;N/A;N/A;N/A;N/A;
700;https://i.imgur.com/S7ryQ8K.png;foto-700;descripcion-700;N/A;N/A;N/A;N/A;N/A;
699;https://i.imgur.com/clrWcS9.png;foto-699;descripcion-699;N/A;N/A;N/A;N/A;N/A;
698;https://i.imgur.com/1vwmBXa.png;foto-698;descripcion-698;N/A;N/A;N/A;N/A;N/A;
697;https://i.imgur.com/fpq5MnE.jpg;foto-697;descripcion-697;N/A;N/A;N/A;N/A;N/A;
696;https://i.imgur.com/EnkyIUO.jpg;foto-696;descripcion-696;N/A;N/A;N/A;N/A;N/A;
695;https://i.imgur.com/TTrQoNY.jpg;foto-695;descripcion-695;N/A;N/A;N/A;N/A;N/A;
694;https://i.imgur.com/KB3oEbq.jpg;foto-694;descripcion-694;N/A;N/A;N/A;N/A;N/A;
693;https://i.imgur.com/JKPG9yk.jpg;foto-693;descripcion-693;N/A;N/A;N/A;N/A;N/A;
692;https://i.imgur.com/pU1JXr8.jpg;foto-692;descripcion-692;N/A;N/A;N/A;N/A;N/A;
691;https://i.imgur.com/hKoaZgH.jpg;foto-691;descripcion-691;N/A;N/A;N/A;N/A;N/A;
690;https://i.imgur.com/eGbvwkr.jpg;foto-690;descripcion-690;N/A;N/A;N/A;N/A;N/A;
689;https://i.imgur.com/HbSUWxP.jpg;foto-689;descripcion-689;N/A;N/A;N/A;N/A;N/A;
688;https://i.imgur.com/vyliPII.jpg;foto-688;descripcion-688;N/A;N/A;N/A;N/A;N/A;
687;https://i.imgur.com/2aVjVpE.jpg;foto-687;descripcion-687;N/A;N/A;N/A;N/A;N/A;
686;https://i.imgur.com/3ATHh5K.jpg;foto-686;descripcion-686;N/A;N/A;N/A;N/A;N/A;
685;https://i.imgur.com/udOtMTl.jpg;foto-685;descripcion-685;N/A;N/A;N/A;N/A;N/A;
684;https://i.imgur.com/wQBF6hm.jpg;foto-684;descripcion-684;N/A;N/A;N/A;N/A;N/A;
683;https://i.imgur.com/MKubrcS.jpg;foto-683;descripcion-683;N/A;N/A;N/A;N/A;N/A;
682;https://i.imgur.com/pBFWB1j.jpg;foto-682;descripcion-682;N/A;N/A;N/A;N/A;N/A;
681;https://i.imgur.com/5QXzzsU.jpg;foto-681;descripcion-681;N/A;N/A;N/A;N/A;N/A;
680;https://i.imgur.com/mvcKN3z.jpg;foto-680;descripcion-680;N/A;N/A;N/A;N/A;N/A;
679;https://i.imgur.com/8nEDoYj.jpg;foto-679;descripcion-679;N/A;N/A;N/A;N/A;N/A;
678;https://i.imgur.com/TWZ4pMx.jpg;foto-678;descripcion-678;N/A;N/A;N/A;N/A;N/A;
677;https://i.imgur.com/N3Oc7rv.jpg;foto-677;descripcion-677;N/A;N/A;N/A;N/A;N/A;
676;https://i.imgur.com/2M1H9yi.jpg;foto-676;descripcion-676;N/A;N/A;N/A;N/A;N/A;
675;https://i.imgur.com/L6ODkE5.jpg;foto-675;descripcion-675;N/A;N/A;N/A;N/A;N/A;
674;https://i.imgur.com/8pQmitG.jpg;foto-674;descripcion-674;N/A;N/A;N/A;N/A;N/A;
673;https://i.imgur.com/Nb8hrWx.jpg;foto-673;descripcion-673;N/A;N/A;N/A;N/A;N/A;
672;https://i.imgur.com/oJGaBZ3.jpg;foto-672;descripcion-672;N/A;N/A;N/A;N/A;N/A;
671;https://i.imgur.com/0EuI8fw.jpg;foto-671;descripcion-671;N/A;N/A;N/A;N/A;N/A;
670;https://i.imgur.com/6yWlRcW.png;foto-670;descripcion-670;N/A;N/A;N/A;N/A;N/A;
669;https://i.imgur.com/tSly4wn.png;foto-669;descripcion-669;N/A;N/A;N/A;N/A;N/A;
668;https://i.imgur.com/g4alnz3.png;foto-668;descripcion-668;N/A;N/A;N/A;N/A;N/A;
667;https://i.imgur.com/qcuOPYH.png;foto-667;descripcion-667;N/A;N/A;N/A;N/A;N/A;
666;https://i.imgur.com/zhcVHb8.jpg;foto-666;descripcion-666;N/A;N/A;N/A;N/A;N/A;
665;https://i.imgur.com/R4EIfwO.png;foto-665;descripcion-665;N/A;N/A;N/A;N/A;N/A;
664;https://i.imgur.com/5MNjWT5.jpg;foto-664;descripcion-664;N/A;N/A;N/A;N/A;N/A;
663;https://i.imgur.com/GFNJgmr.jpg;foto-663;descripcion-663;N/A;N/A;N/A;N/A;N/A;
662;https://i.imgur.com/G7GqRNH.png;foto-662;descripcion-662;N/A;N/A;N/A;N/A;N/A;
661;https://i.imgur.com/Rvpz2Yq.png;foto-661;descripcion-661;N/A;N/A;N/A;N/A;N/A;
660;https://i.imgur.com/sK4ZXNJ.jpg;foto-660;descripcion-660;N/A;N/A;N/A;N/A;N/A;
659;https://i.imgur.com/85Aj0Ob.jpg;foto-659;descripcion-659;N/A;N/A;N/A;N/A;N/A;
658;https://i.imgur.com/QQX2KXD.png;foto-658;descripcion-658;N/A;N/A;N/A;N/A;N/A;
657;https://i.imgur.com/4kxZe9h.png;foto-657;descripcion-657;N/A;N/A;N/A;N/A;N/A;
656;https://i.imgur.com/wdGuvAz.jpg;foto-656;descripcion-656;N/A;N/A;N/A;N/A;N/A;
655;https://i.imgur.com/VEUDjGk.jpg;foto-655;descripcion-655;N/A;N/A;N/A;N/A;N/A;
654;https://i.imgur.com/7VVfPTV.jpg;foto-654;descripcion-654;N/A;N/A;N/A;N/A;N/A;
653;https://i.imgur.com/hwJhowi.jpg;foto-653;descripcion-653;N/A;N/A;N/A;N/A;N/A;
652;https://i.imgur.com/aKZhK7d.jpg;foto-652;descripcion-652;N/A;N/A;N/A;N/A;N/A;
651;https://i.imgur.com/cP47P5K.jpg;foto-651;descripcion-651;N/A;N/A;N/A;N/A;N/A;
650;https://i.imgur.com/eddsQHs.jpg;foto-650;descripcion-650;N/A;N/A;N/A;N/A;N/A;
649;https://i.imgur.com/WLo11M9.jpg;foto-649;descripcion-649;N/A;N/A;N/A;N/A;N/A;
648;https://i.imgur.com/JEeWL10.jpg;foto-648;descripcion-648;N/A;N/A;N/A;N/A;N/A;
647;https://i.imgur.com/i2mF5ci.jpg;foto-647;descripcion-647;N/A;N/A;N/A;N/A;N/A;
646;https://i.imgur.com/JEfVCqO.jpg;foto-646;descripcion-646;N/A;N/A;N/A;N/A;N/A;
645;https://i.imgur.com/9fkVvh0.jpg;foto-645;descripcion-645;N/A;N/A;N/A;N/A;N/A;
644;https://i.imgur.com/VbXPISc.png;foto-644;descripcion-644;N/A;N/A;N/A;N/A;N/A;
643;https://i.imgur.com/XIjVqgT.png;foto-643;descripcion-643;N/A;N/A;N/A;N/A;N/A;
642;https://i.imgur.com/oIl5skO.jpg;foto-642;descripcion-642;N/A;N/A;N/A;N/A;N/A;
641;https://i.imgur.com/HbWPgyf.png;foto-641;descripcion-641;N/A;N/A;N/A;N/A;N/A;
640;https://i.imgur.com/8jjhRqh.png;foto-640;descripcion-640;N/A;N/A;N/A;N/A;N/A;
639;https://i.imgur.com/W6QhPEi.png;foto-639;descripcion-639;N/A;N/A;N/A;N/A;N/A;
638;https://i.imgur.com/r6UC6M7.png;foto-638;descripcion-638;N/A;N/A;N/A;N/A;N/A;
637;https://i.imgur.com/py90oyo.jpg;foto-637;descripcion-637;N/A;N/A;N/A;N/A;N/A;
636;https://i.imgur.com/EqCpJpD.jpg;foto-636;descripcion-636;N/A;N/A;N/A;N/A;N/A;
635;https://i.imgur.com/Khxj7ml.png;foto-635;descripcion-635;N/A;N/A;N/A;N/A;N/A;
634;https://i.imgur.com/3oRSrx7.jpg;foto-634;descripcion-634;N/A;N/A;N/A;N/A;N/A;
633;https://i.imgur.com/cKX0e64.jpg;foto-633;descripcion-633;N/A;N/A;N/A;N/A;N/A;
632;https://i.imgur.com/ncac6cz.png;foto-632;descripcion-632;N/A;N/A;N/A;N/A;N/A;
631;https://i.imgur.com/0p6oyF8.png;foto-631;descripcion-631;N/A;N/A;N/A;N/A;N/A;
630;https://i.imgur.com/wljfzgy.jpg;foto-630;descripcion-630;N/A;N/A;N/A;N/A;N/A;
629;https://i.imgur.com/YAkM2Lx.jpg;foto-629;descripcion-629;N/A;N/A;N/A;N/A;N/A;
628;https://i.imgur.com/kRnAAql.jpg;foto-628;descripcion-628;N/A;N/A;N/A;N/A;N/A;
627;https://i.imgur.com/hOBVqlv.jpg;foto-627;descripcion-627;N/A;N/A;N/A;N/A;N/A;
626;https://i.imgur.com/v9KM0At.jpg;foto-626;descripcion-626;N/A;N/A;N/A;N/A;N/A;
625;https://i.imgur.com/zU95Mob.jpg;foto-625;descripcion-625;N/A;N/A;N/A;N/A;N/A;
624;https://i.imgur.com/pfXQanC.jpg;foto-624;descripcion-624;N/A;N/A;N/A;N/A;N/A;
623;https://i.imgur.com/QkgEvLy.jpg;foto-623;descripcion-623;N/A;N/A;N/A;N/A;N/A;
622;https://i.imgur.com/ECLjSnf.jpg;foto-622;descripcion-622;N/A;N/A;N/A;N/A;N/A;
621;https://i.imgur.com/uRuSChs.jpg;foto-621;descripcion-621;N/A;N/A;N/A;N/A;N/A;
620;https://i.imgur.com/qVZqa7N.png;foto-620;descripcion-620;N/A;N/A;N/A;N/A;N/A;
619;https://i.imgur.com/wCJ85Rr.png;foto-619;descripcion-619;N/A;N/A;N/A;N/A;N/A;
618;https://i.imgur.com/jeocvXA.png;foto-618;descripcion-618;N/A;N/A;N/A;N/A;N/A;
617;https://i.imgur.com/YIuGN86.png;foto-617;descripcion-617;N/A;N/A;N/A;N/A;N/A;
616;https://i.imgur.com/6MMfkAU.png;foto-616;descripcion-616;N/A;N/A;N/A;N/A;N/A;
615;https://i.imgur.com/VkyHaWQ.jpg;foto-615;descripcion-615;N/A;N/A;N/A;N/A;N/A;
614;https://i.imgur.com/1QwAOV0.jpg;foto-614;descripcion-614;N/A;N/A;N/A;N/A;N/A;
613;https://i.imgur.com/OMcScMD.jpg;foto-613;descripcion-613;N/A;N/A;N/A;N/A;N/A;
612;https://i.imgur.com/ymsx22w.jpg;foto-612;descripcion-612;N/A;N/A;N/A;N/A;N/A;
611;https://i.imgur.com/FO0aEf9.jpg;foto-611;descripcion-611;N/A;N/A;N/A;N/A;N/A;
610;https://i.imgur.com/E93i3QJ.jpg;foto-610;descripcion-610;N/A;N/A;N/A;N/A;N/A;
609;https://i.imgur.com/MFDhQUl.jpg;foto-609;descripcion-609;N/A;N/A;N/A;N/A;N/A;
608;https://i.imgur.com/xvOzNO3.jpg;foto-608;descripcion-608;N/A;N/A;N/A;N/A;N/A;
607;https://i.imgur.com/HLYaX39.jpg;foto-607;descripcion-607;N/A;N/A;N/A;N/A;N/A;
606;https://i.imgur.com/OaqmBjW.jpg;foto-606;descripcion-606;N/A;N/A;N/A;N/A;N/A;
605;https://i.imgur.com/kpg8Oh7.jpg;foto-605;descripcion-605;N/A;N/A;N/A;N/A;N/A;
604;https://i.imgur.com/eWPhx7l.png;foto-604;descripcion-604;N/A;N/A;N/A;N/A;N/A;
603;https://i.imgur.com/sX9G7x7.jpg;foto-603;descripcion-603;N/A;N/A;N/A;N/A;N/A;
602;https://i.imgur.com/TKmD9CK.jpg;foto-602;descripcion-602;N/A;N/A;N/A;N/A;N/A;
601;https://i.imgur.com/OqhtN4G.jpg;foto-601;descripcion-601;N/A;N/A;N/A;N/A;N/A;
600;https://i.imgur.com/HOSTjqp.jpg;foto-600;descripcion-600;N/A;N/A;N/A;N/A;N/A;
599;https://i.imgur.com/sYYtNk9.png;foto-599;descripcion-599;N/A;N/A;N/A;N/A;N/A;
598;https://i.imgur.com/3MHYTGF.jpg;foto-598;descripcion-598;N/A;N/A;N/A;N/A;N/A;
597;https://i.imgur.com/7XsWyE2.jpg;foto-597;descripcion-597;N/A;N/A;N/A;N/A;N/A;
596;https://i.imgur.com/uIklhO6.jpg;foto-596;descripcion-596;N/A;N/A;N/A;N/A;N/A;
595;https://i.imgur.com/okcsHes.jpg;foto-595;descripcion-595;N/A;N/A;N/A;N/A;N/A;
594;https://i.imgur.com/29npmG6.jpg;foto-594;descripcion-594;N/A;N/A;N/A;N/A;N/A;
593;https://i.imgur.com/UVnXWgb.jpg;foto-593;descripcion-593;N/A;N/A;N/A;N/A;N/A;
592;https://i.imgur.com/tqHkNS0.jpg;foto-592;descripcion-592;N/A;N/A;N/A;N/A;N/A;
591;https://i.imgur.com/0eHc1s0.jpg;foto-591;descripcion-591;N/A;N/A;N/A;N/A;N/A;
590;https://i.imgur.com/ZNx8deC.jpg;foto-590;descripcion-590;N/A;N/A;N/A;N/A;N/A;
589;https://i.imgur.com/puf1TkB.jpg;foto-589;descripcion-589;N/A;N/A;N/A;N/A;N/A;
588;https://i.imgur.com/jPwuuK6.jpg;foto-588;descripcion-588;N/A;N/A;N/A;N/A;N/A;
587;https://i.imgur.com/0eMab1t.jpg;foto-587;descripcion-587;N/A;N/A;N/A;N/A;N/A;
586;https://i.imgur.com/Hswu1Vb.jpg;foto-586;descripcion-586;N/A;N/A;N/A;N/A;N/A;
585;https://i.imgur.com/vO4gw1S.jpg;foto-585;descripcion-585;N/A;N/A;N/A;N/A;N/A;
584;https://i.imgur.com/36BKZtj.jpg;foto-584;descripcion-584;N/A;N/A;N/A;N/A;N/A;
583;https://i.imgur.com/X38u6Xk.png;foto-583;descripcion-583;N/A;N/A;N/A;N/A;N/A;
582;https://i.imgur.com/9WKLUxQ.png;foto-582;descripcion-582;N/A;N/A;N/A;N/A;N/A;
581;https://i.imgur.com/22U6mPW.jpg;foto-581;descripcion-581;N/A;N/A;N/A;N/A;N/A;
580;https://i.imgur.com/6snNqsU.jpg;foto-580;descripcion-580;N/A;N/A;N/A;N/A;N/A;
579;https://i.imgur.com/XQ3x8jW.png;foto-579;descripcion-579;N/A;N/A;N/A;N/A;N/A;
578;https://i.imgur.com/YyeMlF5.png;foto-578;descripcion-578;N/A;N/A;N/A;N/A;N/A;
577;https://i.imgur.com/ZmXdWYG.jpg;foto-577;descripcion-577;N/A;N/A;N/A;N/A;N/A;
576;https://i.imgur.com/C4xkm87.jpg;foto-576;descripcion-576;N/A;N/A;N/A;N/A;N/A;
575;https://i.imgur.com/xok8q3j.jpg;foto-575;descripcion-575;N/A;N/A;N/A;N/A;N/A;
574;https://i.imgur.com/e7Jt7t8.jpg;foto-574;descripcion-574;N/A;N/A;N/A;N/A;N/A;
573;https://i.imgur.com/Pk6eXp4.jpg;foto-573;descripcion-573;N/A;N/A;N/A;N/A;N/A;
572;https://i.imgur.com/6iMx7SB.jpg;foto-572;descripcion-572;N/A;N/A;N/A;N/A;N/A;
571;https://i.imgur.com/Y4ejCYC.jpg;foto-571;descripcion-571;N/A;N/A;N/A;N/A;N/A;
570;https://i.imgur.com/SjU645X.jpg;foto-570;descripcion-570;N/A;N/A;N/A;N/A;N/A;
569;https://i.imgur.com/LCGA5xP.jpg;foto-569;descripcion-569;N/A;N/A;N/A;N/A;N/A;
568;https://i.imgur.com/X5n9Zuq.jpg;foto-568;descripcion-568;N/A;N/A;N/A;N/A;N/A;
567;https://i.imgur.com/eQ7COnp.jpg;foto-567;descripcion-567;N/A;N/A;N/A;N/A;N/A;
566;https://i.imgur.com/ymDn8us.jpg;foto-566;descripcion-566;N/A;N/A;N/A;N/A;N/A;
565;https://i.imgur.com/9owF2hL.jpg;foto-565;descripcion-565;N/A;N/A;N/A;N/A;N/A;
564;https://i.imgur.com/BZKkO59.jpg;foto-564;descripcion-564;N/A;N/A;N/A;N/A;N/A;
563;https://i.imgur.com/fVcZ2mD.jpg;foto-563;descripcion-563;N/A;N/A;N/A;N/A;N/A;
562;https://i.imgur.com/Aec3Mo5.jpg;foto-562;descripcion-562;N/A;N/A;N/A;N/A;N/A;
561;https://i.imgur.com/Cx0e4jR.png;foto-561;descripcion-561;N/A;N/A;N/A;N/A;N/A;
560;https://i.imgur.com/IYtjEIC.png;foto-560;descripcion-560;N/A;N/A;N/A;N/A;N/A;
559;https://i.imgur.com/Na7vl7w.png;foto-559;descripcion-559;N/A;N/A;N/A;N/A;N/A;
558;https://i.imgur.com/NL3R8WP.png;foto-558;descripcion-558;N/A;N/A;N/A;N/A;N/A;
557;https://i.imgur.com/sdUEmEY.png;foto-557;descripcion-557;N/A;N/A;N/A;N/A;N/A;
556;https://i.imgur.com/WpCTQYc.png;foto-556;descripcion-556;N/A;N/A;N/A;N/A;N/A;
555;https://i.imgur.com/q1jVc0j.jpg;foto-555;descripcion-555;N/A;N/A;N/A;N/A;N/A;
554;https://i.imgur.com/X6nYoI4.jpg;foto-554;descripcion-554;N/A;N/A;N/A;N/A;N/A;
553;https://i.imgur.com/QCcFgi7.jpg;foto-553;descripcion-553;N/A;N/A;N/A;N/A;N/A;
552;https://i.imgur.com/NJDL3oX.jpg;foto-552;descripcion-552;N/A;N/A;N/A;N/A;N/A;
551;https://i.imgur.com/gDyd8no.jpg;foto-551;descripcion-551;N/A;N/A;N/A;N/A;N/A;
550;https://i.imgur.com/nLA8utt.jpg;foto-550;descripcion-550;N/A;N/A;N/A;N/A;N/A;
549;https://i.imgur.com/9i4GEIc.jpg;foto-549;descripcion-549;N/A;N/A;N/A;N/A;N/A;
548;https://i.imgur.com/IgH294X.jpg;foto-548;descripcion-548;N/A;N/A;N/A;N/A;N/A;
547;https://i.imgur.com/0k2tLxk.jpg;foto-547;descripcion-547;N/A;N/A;N/A;N/A;N/A;
546;https://i.imgur.com/UPYR13U.jpg;foto-546;descripcion-546;N/A;N/A;N/A;N/A;N/A;
545;https://i.imgur.com/gwoXzk8.jpg;foto-545;descripcion-545;N/A;N/A;N/A;N/A;N/A;
544;https://i.imgur.com/g3wC896.jpg;foto-544;descripcion-544;N/A;N/A;N/A;N/A;N/A;
543;https://i.imgur.com/CCKO9JK.jpg;foto-543;descripcion-543;N/A;N/A;N/A;N/A;N/A;
542;https://i.imgur.com/LzDODBc.jpg;foto-542;descripcion-542;N/A;N/A;N/A;N/A;N/A;
541;https://i.imgur.com/sxUmbge.jpg;foto-541;descripcion-541;N/A;N/A;N/A;N/A;N/A;
540;https://i.imgur.com/N59u7Ir.jpg;foto-540;descripcion-540;N/A;N/A;N/A;N/A;N/A;
539;https://i.imgur.com/DYJpnDl.jpg;foto-539;descripcion-539;N/A;N/A;N/A;N/A;N/A;
538;https://i.imgur.com/CspZZeD.jpg;foto-538;descripcion-538;N/A;N/A;N/A;N/A;N/A;
537;https://i.imgur.com/iyTFx5g.jpg;foto-537;descripcion-537;N/A;N/A;N/A;N/A;N/A;
536;https://i.imgur.com/Wz0PPXG.jpg;foto-536;descripcion-536;N/A;N/A;N/A;N/A;N/A;
535;https://i.imgur.com/Zf5FF2q.jpg;foto-535;descripcion-535;N/A;N/A;N/A;N/A;N/A;
534;https://i.imgur.com/1k42h2r.jpg;foto-534;descripcion-534;N/A;N/A;N/A;N/A;N/A;
533;https://i.imgur.com/vALEj8e.jpg;foto-533;descripcion-533;N/A;N/A;N/A;N/A;N/A;
532;https://i.imgur.com/NOaF47j.jpg;foto-532;descripcion-532;N/A;N/A;N/A;N/A;N/A;
531;https://i.imgur.com/epLw38S.jpg;foto-531;descripcion-531;N/A;N/A;N/A;N/A;N/A;
530;https://i.imgur.com/IdHOVsE.jpg;foto-530;descripcion-530;N/A;N/A;N/A;N/A;N/A;
529;https://i.imgur.com/arHttDj.jpg;foto-529;descripcion-529;N/A;N/A;N/A;N/A;N/A;
528;https://i.imgur.com/7knYj4w.jpg;foto-528;descripcion-528;N/A;N/A;N/A;N/A;N/A;
527;https://i.imgur.com/xbTczQJ.jpg;foto-527;descripcion-527;N/A;N/A;N/A;N/A;N/A;
526;https://i.imgur.com/GriRB9T.jpg;foto-526;descripcion-526;N/A;N/A;N/A;N/A;N/A;
525;https://i.imgur.com/IcpElYq.jpg;foto-525;descripcion-525;N/A;N/A;N/A;N/A;N/A;
524;https://i.imgur.com/IoSnaiN.jpg;foto-524;descripcion-524;N/A;N/A;N/A;N/A;N/A;
523;https://i.imgur.com/s9N0WkX.jpg;foto-523;descripcion-523;N/A;N/A;N/A;N/A;N/A;
522;https://i.imgur.com/K9iquoV.jpg;foto-522;descripcion-522;N/A;N/A;N/A;N/A;N/A;
521;https://i.imgur.com/Zsuw4De.jpg;foto-521;descripcion-521;N/A;N/A;N/A;N/A;N/A;
520;https://i.imgur.com/FI1THqj.jpg;foto-520;descripcion-520;N/A;N/A;N/A;N/A;N/A;
519;https://i.imgur.com/ZrCmg7K.jpg;foto-519;descripcion-519;N/A;N/A;N/A;N/A;N/A;
518;https://i.imgur.com/B9wNcJ4.jpg;foto-518;descripcion-518;N/A;N/A;N/A;N/A;N/A;
517;https://i.imgur.com/JOHsTcl.jpg;foto-517;descripcion-517;N/A;N/A;N/A;N/A;N/A;
516;https://i.imgur.com/cVMbnrO.jpg;foto-516;descripcion-516;N/A;N/A;N/A;N/A;N/A;
515;https://i.imgur.com/lFHBjro.jpg;foto-515;descripcion-515;N/A;N/A;N/A;N/A;N/A;
514;https://i.imgur.com/GVmhDAL.jpg;foto-514;descripcion-514;N/A;N/A;N/A;N/A;N/A;
513;https://i.imgur.com/qEUnk3W.jpg;foto-513;descripcion-513;N/A;N/A;N/A;N/A;N/A;
512;https://i.imgur.com/qSOaZ9Y.jpg;foto-512;descripcion-512;N/A;N/A;N/A;N/A;N/A;
511;https://i.imgur.com/lhFEXFw.jpg;foto-511;descripcion-511;N/A;N/A;N/A;N/A;N/A;
510;https://i.imgur.com/DGGdSts.jpg;foto-510;descripcion-510;N/A;N/A;N/A;N/A;N/A;
509;https://i.imgur.com/ZynOrL0.jpg;foto-509;descripcion-509;N/A;N/A;N/A;N/A;N/A;
508;https://i.imgur.com/wouhYPU.jpg;foto-508;descripcion-508;N/A;N/A;N/A;N/A;N/A;
507;https://i.imgur.com/MXgiAVP.jpg;foto-507;descripcion-507;N/A;N/A;N/A;N/A;N/A;
506;https://i.imgur.com/MtuUAy3.jpg;foto-506;descripcion-506;N/A;N/A;N/A;N/A;N/A;
505;https://i.imgur.com/wdkARcV.png;foto-505;descripcion-505;N/A;N/A;N/A;N/A;N/A;
504;https://i.imgur.com/L5UsJjm.jpg;foto-504;descripcion-504;N/A;N/A;N/A;N/A;N/A;
503;https://i.imgur.com/fQxiiyk.jpg;foto-503;descripcion-503;N/A;N/A;N/A;N/A;N/A;
502;https://i.imgur.com/buyIEc2.jpg;foto-502;descripcion-502;N/A;N/A;N/A;N/A;N/A;
501;https://i.imgur.com/Wqz6wfG.jpg;foto-501;descripcion-501;N/A;N/A;N/A;N/A;N/A;
500;https://i.imgur.com/BmvHB7W.jpg;foto-500;descripcion-500;N/A;N/A;N/A;N/A;N/A;
499;https://i.imgur.com/pQvYqSz.jpg;foto-499;descripcion-499;N/A;N/A;N/A;N/A;N/A;
498;https://i.imgur.com/Jddl6Rn.jpg;foto-498;descripcion-498;N/A;N/A;N/A;N/A;N/A;
497;https://i.imgur.com/566Cv3e.jpg;foto-497;descripcion-497;N/A;N/A;N/A;N/A;N/A;
496;https://i.imgur.com/zJUNM74.jpg;foto-496;descripcion-496;N/A;N/A;N/A;N/A;N/A;
495;https://i.imgur.com/sOHh7uo.jpg;foto-495;descripcion-495;N/A;N/A;N/A;N/A;N/A;
494;https://i.imgur.com/HBgbCZc.jpg;foto-494;descripcion-494;N/A;N/A;N/A;N/A;N/A;
493;https://i.imgur.com/BdMe0zO.jpg;foto-493;descripcion-493;N/A;N/A;N/A;N/A;N/A;
492;https://i.imgur.com/aTIOAb9.jpg;foto-492;descripcion-492;N/A;N/A;N/A;N/A;N/A;
491;https://i.imgur.com/qXPdaNk.jpg;foto-491;descripcion-491;N/A;N/A;N/A;N/A;N/A;
490;https://i.imgur.com/CIBfm4P.jpg;foto-490;descripcion-490;N/A;N/A;N/A;N/A;N/A;
489;https://i.imgur.com/2HSglnO.jpg;foto-489;descripcion-489;N/A;N/A;N/A;N/A;N/A;
488;https://i.imgur.com/PLZMsg9.jpg;foto-488;descripcion-488;N/A;N/A;N/A;N/A;N/A;
487;https://i.imgur.com/ifoVpUr.jpg;foto-487;descripcion-487;N/A;N/A;N/A;N/A;N/A;
486;https://i.imgur.com/ccjWq0t.jpg;foto-486;descripcion-486;N/A;N/A;N/A;N/A;N/A;
485;https://i.imgur.com/u8rEr2m.jpg;foto-485;descripcion-485;N/A;N/A;N/A;N/A;N/A;
484;https://i.imgur.com/OLsSq42.jpg;foto-484;descripcion-484;N/A;N/A;N/A;N/A;N/A;
483;https://i.imgur.com/uKYKqqI.jpg;foto-483;descripcion-483;N/A;N/A;N/A;N/A;N/A;
482;https://i.imgur.com/6D782wV.jpg;foto-482;descripcion-482;N/A;N/A;N/A;N/A;N/A;
481;https://i.imgur.com/YXXfJj4.jpg;foto-481;descripcion-481;N/A;N/A;N/A;N/A;N/A;
480;https://i.imgur.com/3Jwt6PL.jpg;foto-480;descripcion-480;N/A;N/A;N/A;N/A;N/A;
479;https://i.imgur.com/nN8yOMk.jpg;foto-479;descripcion-479;N/A;N/A;N/A;N/A;N/A;
478;https://i.imgur.com/m8R46A0.jpg;foto-478;descripcion-478;N/A;N/A;N/A;N/A;N/A;
477;https://i.imgur.com/VERXY4X.jpg;foto-477;descripcion-477;N/A;N/A;N/A;N/A;N/A;
476;https://i.imgur.com/IT9hXBQ.jpg;foto-476;descripcion-476;N/A;N/A;N/A;N/A;N/A;
475;https://i.imgur.com/LlOzEzQ.jpg;foto-475;descripcion-475;N/A;N/A;N/A;N/A;N/A;
474;https://i.imgur.com/2oc0bk4.jpg;foto-474;descripcion-474;N/A;N/A;N/A;N/A;N/A;
473;https://i.imgur.com/jjhshN7.jpg;foto-473;descripcion-473;N/A;N/A;N/A;N/A;N/A;
472;https://i.imgur.com/4KFOKps.jpg;foto-472;descripcion-472;N/A;N/A;N/A;N/A;N/A;
471;https://i.imgur.com/OwHKxyv.jpg;foto-471;descripcion-471;N/A;N/A;N/A;N/A;N/A;
470;https://i.imgur.com/O9K6EhJ.jpg;foto-470;descripcion-470;N/A;N/A;N/A;N/A;N/A;
469;https://i.imgur.com/Vb8mDl5.jpg;foto-469;descripcion-469;N/A;N/A;N/A;N/A;N/A;
468;https://i.imgur.com/onOp2ht.jpg;foto-468;descripcion-468;N/A;N/A;N/A;N/A;N/A;
467;https://i.imgur.com/k8g2JIr.jpg;foto-467;descripcion-467;N/A;N/A;N/A;N/A;N/A;
466;https://i.imgur.com/aMmtbTh.jpg;foto-466;descripcion-466;N/A;N/A;N/A;N/A;N/A;
465;https://i.imgur.com/CGGwnEk.jpg;foto-465;descripcion-465;N/A;N/A;N/A;N/A;N/A;
464;https://i.imgur.com/FCvBmDU.jpg;foto-464;descripcion-464;N/A;N/A;N/A;N/A;N/A;
463;https://i.imgur.com/VNXGWfz.jpg;foto-463;descripcion-463;N/A;N/A;N/A;N/A;N/A;
462;https://i.imgur.com/7ne6tMP.jpg;foto-462;descripcion-462;N/A;N/A;N/A;N/A;N/A;
461;https://i.imgur.com/6jCWegU.jpg;foto-461;descripcion-461;N/A;N/A;N/A;N/A;N/A;
460;https://i.imgur.com/gCO6yDn.jpg;foto-460;descripcion-460;N/A;N/A;N/A;N/A;N/A;
459;https://i.imgur.com/C3EPH2Y.jpg;foto-459;descripcion-459;N/A;N/A;N/A;N/A;N/A;
458;https://i.imgur.com/fiXwKuD.jpg;foto-458;descripcion-458;N/A;N/A;N/A;N/A;N/A;
457;https://i.imgur.com/6zHYtXG.jpg;foto-457;descripcion-457;N/A;N/A;N/A;N/A;N/A;
456;https://i.imgur.com/u6IvRzF.jpg;foto-456;descripcion-456;N/A;N/A;N/A;N/A;N/A;
455;https://i.imgur.com/aBBWEmz.jpg;foto-455;descripcion-455;N/A;N/A;N/A;N/A;N/A;
454;https://i.imgur.com/jlGx3oD.jpg;foto-454;descripcion-454;N/A;N/A;N/A;N/A;N/A;
453;https://i.imgur.com/1yyJOtn.jpg;foto-453;descripcion-453;N/A;N/A;N/A;N/A;N/A;
452;https://i.imgur.com/Sm73YDd.jpg;foto-452;descripcion-452;N/A;N/A;N/A;N/A;N/A;
451;https://i.imgur.com/BsgvjSo.jpg;foto-451;descripcion-451;N/A;N/A;N/A;N/A;N/A;
450;https://i.imgur.com/k0zON8N.jpg;foto-450;descripcion-450;N/A;N/A;N/A;N/A;N/A;
449;https://i.imgur.com/wzAhW5U.jpg;foto-449;descripcion-449;N/A;N/A;N/A;N/A;N/A;
448;https://i.imgur.com/y8Z81VG.jpg;foto-448;descripcion-448;N/A;N/A;N/A;N/A;N/A;
447;https://i.imgur.com/Qvurpdv.jpg;foto-447;descripcion-447;N/A;N/A;N/A;N/A;N/A;
446;https://i.imgur.com/cS9Qxeo.jpg;foto-446;descripcion-446;N/A;N/A;N/A;N/A;N/A;
445;https://i.imgur.com/3RQlabC.jpg;foto-445;descripcion-445;N/A;N/A;N/A;N/A;N/A;
444;https://i.imgur.com/hdzE50c.jpg;foto-444;descripcion-444;N/A;N/A;N/A;N/A;N/A;
443;https://i.imgur.com/a7u6heA.jpg;foto-443;descripcion-443;N/A;N/A;N/A;N/A;N/A;
442;https://i.imgur.com/dzHknnC.jpg;foto-442;descripcion-442;N/A;N/A;N/A;N/A;N/A;
441;https://i.imgur.com/zt8NYps.jpg;foto-441;descripcion-441;N/A;N/A;N/A;N/A;N/A;
440;https://i.imgur.com/IdjXcxy.jpg;foto-440;descripcion-440;N/A;N/A;N/A;N/A;N/A;
439;https://i.imgur.com/wVW0rb0.png;foto-439;descripcion-439;N/A;N/A;N/A;N/A;N/A;
438;https://i.imgur.com/3uRw2vp.jpg;foto-438;descripcion-438;N/A;N/A;N/A;N/A;N/A;
437;https://i.imgur.com/2nsAkUg.jpg;foto-437;descripcion-437;N/A;N/A;N/A;N/A;N/A;
436;https://i.imgur.com/KZsAhkt.jpg;foto-436;descripcion-436;N/A;N/A;N/A;N/A;N/A;
435;https://i.imgur.com/PW53O3C.jpg;foto-435;descripcion-435;N/A;N/A;N/A;N/A;N/A;
434;https://i.imgur.com/Nqy7uBH.jpg;foto-434;descripcion-434;N/A;N/A;N/A;N/A;N/A;
433;https://i.imgur.com/Iq1djeV.jpg;foto-433;descripcion-433;N/A;N/A;N/A;N/A;N/A;
432;https://i.imgur.com/i1ui35v.jpg;foto-432;descripcion-432;N/A;N/A;N/A;N/A;N/A;
431;https://i.imgur.com/m9DBqO4.jpg;foto-431;descripcion-431;N/A;N/A;N/A;N/A;N/A;
430;https://i.imgur.com/ypWIzEj.jpg;foto-430;descripcion-430;N/A;N/A;N/A;N/A;N/A;
429;https://i.imgur.com/1iJrNbd.jpg;foto-429;descripcion-429;N/A;N/A;N/A;N/A;N/A;
428;https://i.imgur.com/NhKKplS.jpg;foto-428;descripcion-428;N/A;N/A;N/A;N/A;N/A;
427;https://i.imgur.com/BI8zZrw.jpg;foto-427;descripcion-427;N/A;N/A;N/A;N/A;N/A;
426;https://i.imgur.com/gmvQGNR.jpg;foto-426;descripcion-426;N/A;N/A;N/A;N/A;N/A;
425;https://i.imgur.com/MsjePvD.jpg;foto-425;descripcion-425;N/A;N/A;N/A;N/A;N/A;
424;https://i.imgur.com/9wnpSdN.jpg;foto-424;descripcion-424;N/A;N/A;N/A;N/A;N/A;
423;https://i.imgur.com/DED32Lh.jpg;foto-423;descripcion-423;N/A;N/A;N/A;N/A;N/A;
422;https://i.imgur.com/c0Hgsc2.jpg;foto-422;descripcion-422;N/A;N/A;N/A;N/A;N/A;
421;https://i.imgur.com/lf0bpay.jpg;foto-421;descripcion-421;N/A;N/A;N/A;N/A;N/A;
420;https://i.imgur.com/0Ahvnuz.jpg;foto-420;descripcion-420;N/A;N/A;N/A;N/A;N/A;
419;https://i.imgur.com/q3G1AXR.jpg;foto-419;descripcion-419;N/A;N/A;N/A;N/A;N/A;
418;https://i.imgur.com/EeEhX77.jpg;foto-418;descripcion-418;N/A;N/A;N/A;N/A;N/A;
417;https://i.imgur.com/eV36Dru.jpg;foto-417;descripcion-417;N/A;N/A;N/A;N/A;N/A;
416;https://i.imgur.com/fn4cwXp.jpg;foto-416;descripcion-416;N/A;N/A;N/A;N/A;N/A;
415;https://i.imgur.com/i8wyNXo.jpg;foto-415;descripcion-415;N/A;N/A;N/A;N/A;N/A;
414;https://i.imgur.com/l1EfBMT.jpg;foto-414;descripcion-414;N/A;N/A;N/A;N/A;N/A;
413;https://i.imgur.com/YETlhRW.jpg;foto-413;descripcion-413;N/A;N/A;N/A;N/A;N/A;
412;https://i.imgur.com/roTvXQm.jpg;foto-412;descripcion-412;N/A;N/A;N/A;N/A;N/A;
411;https://i.imgur.com/Ws6zADu.jpg;foto-411;descripcion-411;N/A;N/A;N/A;N/A;N/A;
410;https://i.imgur.com/RhzMuZ7.jpg;foto-410;descripcion-410;N/A;N/A;N/A;N/A;N/A;
409;https://i.imgur.com/RUaZNzE.png;foto-409;descripcion-409;N/A;N/A;N/A;N/A;N/A;
408;https://i.imgur.com/rvkQBMx.png;foto-408;descripcion-408;N/A;N/A;N/A;N/A;N/A;
407;https://i.imgur.com/hUVw2Ny.png;foto-407;descripcion-407;N/A;N/A;N/A;N/A;N/A;
406;https://i.imgur.com/6C1gYOC.jpg;foto-406;descripcion-406;N/A;N/A;N/A;N/A;N/A;
405;https://i.imgur.com/0boXTYe.jpg;foto-405;descripcion-405;N/A;N/A;N/A;N/A;N/A;
404;https://i.imgur.com/WZQOEEv.png;foto-404;descripcion-404;N/A;N/A;N/A;N/A;N/A;
403;https://i.imgur.com/gtI6a9x.jpg;foto-403;descripcion-403;N/A;N/A;N/A;N/A;N/A;
402;https://i.imgur.com/ag53ZFK.jpg;foto-402;descripcion-402;N/A;N/A;N/A;N/A;N/A;
401;https://i.imgur.com/yI0ylHe.jpg;foto-401;descripcion-401;N/A;N/A;N/A;N/A;N/A;
400;https://i.imgur.com/1Ol3ywU.jpg;foto-400;descripcion-400;N/A;N/A;N/A;N/A;N/A;
399;https://i.imgur.com/unTvOdB.jpg;foto-399;descripcion-399;N/A;N/A;N/A;N/A;N/A;
398;https://i.imgur.com/UQXnyZc.jpg;foto-398;descripcion-398;N/A;N/A;N/A;N/A;N/A;
397;https://i.imgur.com/OoO0ZkJ.jpg;foto-397;descripcion-397;N/A;N/A;N/A;N/A;N/A;
396;https://i.imgur.com/cyVWEHn.jpg;foto-396;descripcion-396;N/A;N/A;N/A;N/A;N/A;
395;https://i.imgur.com/HYU974T.jpg;foto-395;descripcion-395;N/A;N/A;N/A;N/A;N/A;
394;https://i.imgur.com/G47xtUo.jpg;foto-394;descripcion-394;N/A;N/A;N/A;N/A;N/A;
393;https://i.imgur.com/8TgmrRW.jpg;foto-393;descripcion-393;N/A;N/A;N/A;N/A;N/A;
392;https://i.imgur.com/psatzKv.jpg;foto-392;descripcion-392;N/A;N/A;N/A;N/A;N/A;
391;https://i.imgur.com/yOOX9JP.jpg;foto-391;descripcion-391;N/A;N/A;N/A;N/A;N/A;
390;https://i.imgur.com/4pdvwDc.jpg;foto-390;descripcion-390;N/A;N/A;N/A;N/A;N/A;
389;https://i.imgur.com/ADsYfZ1.jpg;foto-389;descripcion-389;N/A;N/A;N/A;N/A;N/A;
388;https://i.imgur.com/Nmo3c92.jpg;foto-388;descripcion-388;N/A;N/A;N/A;N/A;N/A;
387;https://i.imgur.com/N3saYpm.jpg;foto-387;descripcion-387;N/A;N/A;N/A;N/A;N/A;
386;https://i.imgur.com/j8KzXAD.jpg;foto-386;descripcion-386;N/A;N/A;N/A;N/A;N/A;
385;https://i.imgur.com/O7UOsdo.jpg;foto-385;descripcion-385;N/A;N/A;N/A;N/A;N/A;
384;https://i.imgur.com/y4l0vx1.jpg;foto-384;descripcion-384;N/A;N/A;N/A;N/A;N/A;
383;https://i.imgur.com/sNWOckB.jpg;foto-383;descripcion-383;N/A;N/A;N/A;N/A;N/A;
382;https://i.imgur.com/IGPpYXe.jpg;foto-382;descripcion-382;N/A;N/A;N/A;N/A;N/A;
381;https://i.imgur.com/iO94iFU.jpg;foto-381;descripcion-381;N/A;N/A;N/A;N/A;N/A;
380;https://i.imgur.com/42GIVti.jpg;foto-380;descripcion-380;N/A;N/A;N/A;N/A;N/A;
379;https://i.imgur.com/tBBzCoE.jpg;foto-379;descripcion-379;N/A;N/A;N/A;N/A;N/A;
378;https://i.imgur.com/qJT9Mqj.jpg;foto-378;descripcion-378;N/A;N/A;N/A;N/A;N/A;
377;https://i.imgur.com/HDbdh4Y.jpg;foto-377;descripcion-377;N/A;N/A;N/A;N/A;N/A;
376;https://i.imgur.com/GKShppr.jpg;foto-376;descripcion-376;N/A;N/A;N/A;N/A;N/A;
375;https://i.imgur.com/q78qvmm.jpg;foto-375;descripcion-375;N/A;N/A;N/A;N/A;N/A;
374;https://i.imgur.com/b0XRDnl.jpg;foto-374;descripcion-374;N/A;N/A;N/A;N/A;N/A;
373;https://i.imgur.com/xKRWpR3.jpg;foto-373;descripcion-373;N/A;N/A;N/A;N/A;N/A;
372;https://i.imgur.com/SiltL7K.png;foto-372;descripcion-372;N/A;N/A;N/A;N/A;N/A;
371;https://i.imgur.com/r5RhO9n.jpg;foto-371;descripcion-371;N/A;N/A;N/A;N/A;N/A;
370;https://i.imgur.com/9uVN1V3.jpg;foto-370;descripcion-370;N/A;N/A;N/A;N/A;N/A;
369;https://i.imgur.com/71wkXKH.jpg;foto-369;descripcion-369;N/A;N/A;N/A;N/A;N/A;
368;https://i.imgur.com/ZwomhSh.jpg;foto-368;descripcion-368;N/A;N/A;N/A;N/A;N/A;
367;https://i.imgur.com/Zh0pOlb.jpg;foto-367;descripcion-367;N/A;N/A;N/A;N/A;N/A;
366;https://i.imgur.com/pRBENnG.jpg;foto-366;descripcion-366;N/A;N/A;N/A;N/A;N/A;
365;https://i.imgur.com/FpXSB2Z.jpg;foto-365;descripcion-365;N/A;N/A;N/A;N/A;N/A;
364;https://i.imgur.com/z4RFRIg.jpg;foto-364;descripcion-364;N/A;N/A;N/A;N/A;N/A;
363;https://i.imgur.com/oYNWB1W.jpg;foto-363;descripcion-363;N/A;N/A;N/A;N/A;N/A;
362;https://i.imgur.com/e0SBQm4.png;foto-362;descripcion-362;N/A;N/A;N/A;N/A;N/A;
361;https://i.imgur.com/uZZJTS7.jpg;foto-361;descripcion-361;N/A;N/A;N/A;N/A;N/A;
360;https://i.imgur.com/Nljptqe.jpg;foto-360;descripcion-360;N/A;N/A;N/A;N/A;N/A;
359;https://i.imgur.com/M860rbu.jpg;foto-359;descripcion-359;N/A;N/A;N/A;N/A;N/A;
358;https://i.imgur.com/Sj9eEfS.jpg;foto-358;descripcion-358;N/A;N/A;N/A;N/A;N/A;
357;https://i.imgur.com/FkXVN2W.jpg;foto-357;descripcion-357;N/A;N/A;N/A;N/A;N/A;
356;https://i.imgur.com/K4w9DcJ.jpg;foto-356;descripcion-356;N/A;N/A;N/A;N/A;N/A;
355;https://i.imgur.com/wLNPPjv.jpg;foto-355;descripcion-355;N/A;N/A;N/A;N/A;N/A;
354;https://i.imgur.com/7MPdCeL.jpg;foto-354;descripcion-354;N/A;N/A;N/A;N/A;N/A;
353;https://i.imgur.com/0gWX5AL.jpg;foto-353;descripcion-353;N/A;N/A;N/A;N/A;N/A;
352;https://i.imgur.com/IIzm9rb.jpg;foto-352;descripcion-352;N/A;N/A;N/A;N/A;N/A;
351;https://i.imgur.com/T9ISghI.jpg;foto-351;descripcion-351;N/A;N/A;N/A;N/A;N/A;
350;https://i.imgur.com/9SnYSTa.jpg;foto-350;descripcion-350;N/A;N/A;N/A;N/A;N/A;
349;https://i.imgur.com/6cymaUJ.jpg;foto-349;descripcion-349;N/A;N/A;N/A;N/A;N/A;
348;https://i.imgur.com/TAWCyp1.jpg;foto-348;descripcion-348;N/A;N/A;N/A;N/A;N/A;
347;https://i.imgur.com/i2FdTV1.jpg;foto-347;descripcion-347;N/A;N/A;N/A;N/A;N/A;
346;https://i.imgur.com/rKeNIn5.png;foto-346;descripcion-346;N/A;N/A;N/A;N/A;N/A;
345;https://i.imgur.com/AaKRkrW.png;foto-345;descripcion-345;N/A;N/A;N/A;N/A;N/A;
344;https://i.imgur.com/D9NwZMD.png;foto-344;descripcion-344;N/A;N/A;N/A;N/A;N/A;
343;https://i.imgur.com/1yHCGZ0.jpg;foto-343;descripcion-343;N/A;N/A;N/A;N/A;N/A;
342;https://i.imgur.com/ZoucD88.jpg;foto-342;descripcion-342;N/A;N/A;N/A;N/A;N/A;
341;https://i.imgur.com/jCQCORE.jpg;foto-341;descripcion-341;N/A;N/A;N/A;N/A;N/A;
340;https://i.imgur.com/9McfMDR.jpg;foto-340;descripcion-340;N/A;N/A;N/A;N/A;N/A;
339;https://i.imgur.com/proOqO3.jpg;foto-339;descripcion-339;N/A;N/A;N/A;N/A;N/A;
338;https://i.imgur.com/oOb0nac.jpg;foto-338;descripcion-338;N/A;N/A;N/A;N/A;N/A;
337;https://i.imgur.com/2pPKjnP.jpg;foto-337;descripcion-337;N/A;N/A;N/A;N/A;N/A;
336;https://i.imgur.com/jb1Sur7.jpg;foto-336;descripcion-336;N/A;N/A;N/A;N/A;N/A;
335;https://i.imgur.com/IPfDULr.jpg;foto-335;descripcion-335;N/A;N/A;N/A;N/A;N/A;
334;https://i.imgur.com/9sG31Pm.jpg;foto-334;descripcion-334;N/A;N/A;N/A;N/A;N/A;
333;https://i.imgur.com/rDsTQlu.jpg;foto-333;descripcion-333;N/A;N/A;N/A;N/A;N/A;
332;https://i.imgur.com/qZM5lKP.png;foto-332;descripcion-332;N/A;N/A;N/A;N/A;N/A;
331;https://i.imgur.com/ddL6X4r.jpg;foto-331;descripcion-331;N/A;N/A;N/A;N/A;N/A;
330;https://i.imgur.com/H2gbeny.jpg;foto-330;descripcion-330;N/A;N/A;N/A;N/A;N/A;
329;https://i.imgur.com/WcVsfVm.jpg;foto-329;descripcion-329;N/A;N/A;N/A;N/A;N/A;
328;https://i.imgur.com/8kihByo.png;foto-328;descripcion-328;N/A;N/A;N/A;N/A;N/A;
327;https://i.imgur.com/wvmoWpf.jpg;foto-327;descripcion-327;N/A;N/A;N/A;N/A;N/A;
326;https://i.imgur.com/BbDNUJ2.jpg;foto-326;descripcion-326;N/A;N/A;N/A;N/A;N/A;
325;https://i.imgur.com/BOPpvmA.jpg;foto-325;descripcion-325;N/A;N/A;N/A;N/A;N/A;
324;https://i.imgur.com/4dXdLMY.jpg;foto-324;descripcion-324;N/A;N/A;N/A;N/A;N/A;
323;https://i.imgur.com/qbNd8ci.png;foto-323;descripcion-323;N/A;N/A;N/A;N/A;N/A;
322;https://i.imgur.com/wBp09h9.jpg;foto-322;descripcion-322;N/A;N/A;N/A;N/A;N/A;
321;https://i.imgur.com/0up8Ckj.jpg;foto-321;descripcion-321;N/A;N/A;N/A;N/A;N/A;
320;https://i.imgur.com/ziSSN7q.jpg;foto-320;descripcion-320;N/A;N/A;N/A;N/A;N/A;
319;https://i.imgur.com/XcoFEUY.png;foto-319;descripcion-319;N/A;N/A;N/A;N/A;N/A;
318;https://i.imgur.com/dYwv0Ys.png;foto-318;descripcion-318;N/A;N/A;N/A;N/A;N/A;
317;https://i.imgur.com/0pHCRaZ.png;foto-317;descripcion-317;N/A;N/A;N/A;N/A;N/A;
316;https://i.imgur.com/FYvtXbP.jpg;foto-316;descripcion-316;N/A;N/A;N/A;N/A;N/A;
315;https://i.imgur.com/wT4wbtE.png;foto-315;descripcion-315;N/A;N/A;N/A;N/A;N/A;
314;https://i.imgur.com/97n6mXZ.png;foto-314;descripcion-314;N/A;N/A;N/A;N/A;N/A;
313;https://i.imgur.com/3EsPtmj.jpg;foto-313;descripcion-313;N/A;N/A;N/A;N/A;N/A;
312;https://i.imgur.com/KkTxumP.jpg;foto-312;descripcion-312;N/A;N/A;N/A;N/A;N/A;
311;https://i.imgur.com/9UbNIiT.png;foto-311;descripcion-311;N/A;N/A;N/A;N/A;N/A;
310;https://i.imgur.com/pYmgkwf.png;foto-310;descripcion-310;N/A;N/A;N/A;N/A;N/A;
309;https://i.imgur.com/rmTFTOo.jpg;foto-309;descripcion-309;N/A;N/A;N/A;N/A;N/A;
308;https://i.imgur.com/34GiVnS.jpg;foto-308;descripcion-308;N/A;N/A;N/A;N/A;N/A;
307;https://i.imgur.com/46zrbTh.jpg;foto-307;descripcion-307;N/A;N/A;N/A;N/A;N/A;
306;https://i.imgur.com/Pn1HVkr.jpg;foto-306;descripcion-306;N/A;N/A;N/A;N/A;N/A;
305;https://i.imgur.com/NET1l9E.jpg;foto-305;descripcion-305;N/A;N/A;N/A;N/A;N/A;
304;https://i.imgur.com/UZLfYZV.jpg;foto-304;descripcion-304;N/A;N/A;N/A;N/A;N/A;
303;https://i.imgur.com/YGfJZw3.jpg;foto-303;descripcion-303;N/A;N/A;N/A;N/A;N/A;
302;https://i.imgur.com/LFTKAuA.jpg;foto-302;descripcion-302;N/A;N/A;N/A;N/A;N/A;
301;https://i.imgur.com/649Dd0m.png;foto-301;descripcion-301;N/A;N/A;N/A;N/A;N/A;
300;https://i.imgur.com/lwNsiXj.png;foto-300;descripcion-300;N/A;N/A;N/A;N/A;N/A;
299;https://i.imgur.com/Qw3b9IL.png;foto-299;descripcion-299;N/A;N/A;N/A;N/A;N/A;
298;https://i.imgur.com/2yDeumA.png;foto-298;descripcion-298;N/A;N/A;N/A;N/A;N/A;
297;https://i.imgur.com/OL2R6rW.png;foto-297;descripcion-297;N/A;N/A;N/A;N/A;N/A;
296;https://i.imgur.com/wecS4An.png;foto-296;descripcion-296;N/A;N/A;N/A;N/A;N/A;
295;https://i.imgur.com/ec5ADZg.png;foto-295;descripcion-295;N/A;N/A;N/A;N/A;N/A;
294;https://i.imgur.com/7LxlV7G.jpg;foto-294;descripcion-294;N/A;N/A;N/A;N/A;N/A;
293;https://i.imgur.com/9hntTXm.jpg;foto-293;descripcion-293;N/A;N/A;N/A;N/A;N/A;
292;https://i.imgur.com/uaaR8RQ.jpg;foto-292;descripcion-292;N/A;N/A;N/A;N/A;N/A;
291;https://i.imgur.com/I9yHzaT.jpg;foto-291;descripcion-291;N/A;N/A;N/A;N/A;N/A;
290;https://i.imgur.com/EP0x2Dc.jpg;foto-290;descripcion-290;N/A;N/A;N/A;N/A;N/A;
289;https://i.imgur.com/YTDR6RW.jpg;foto-289;descripcion-289;N/A;N/A;N/A;N/A;N/A;
288;https://i.imgur.com/jYlgP8D.jpg;foto-288;descripcion-288;N/A;N/A;N/A;N/A;N/A;
287;https://i.imgur.com/ijN1dRq.jpg;foto-287;descripcion-287;N/A;N/A;N/A;N/A;N/A;
286;https://i.imgur.com/YWO0cGn.jpg;foto-286;descripcion-286;N/A;N/A;N/A;N/A;N/A;
285;https://i.imgur.com/3A79Q4Y.jpg;foto-285;descripcion-285;N/A;N/A;N/A;N/A;N/A;
284;https://i.imgur.com/xi6xJ3t.jpg;foto-284;descripcion-284;N/A;N/A;N/A;N/A;N/A;
283;https://i.imgur.com/h2QtZ39.jpg;foto-283;descripcion-283;N/A;N/A;N/A;N/A;N/A;
282;https://i.imgur.com/47isrRF.jpg;foto-282;descripcion-282;N/A;N/A;N/A;N/A;N/A;
281;https://i.imgur.com/T17Q1A9.jpg;foto-281;descripcion-281;N/A;N/A;N/A;N/A;N/A;
280;https://i.imgur.com/6YM11r4.jpg;foto-280;descripcion-280;N/A;N/A;N/A;N/A;N/A;
279;https://i.imgur.com/xFcTSUp.jpg;foto-279;descripcion-279;N/A;N/A;N/A;N/A;N/A;
278;https://i.imgur.com/68niKSa.jpg;foto-278;descripcion-278;N/A;N/A;N/A;N/A;N/A;
277;https://i.imgur.com/stovPVr.jpg;foto-277;descripcion-277;N/A;N/A;N/A;N/A;N/A;
276;https://i.imgur.com/zU5krn6.jpg;foto-276;descripcion-276;N/A;N/A;N/A;N/A;N/A;
275;https://i.imgur.com/lEawzfs.jpg;foto-275;descripcion-275;N/A;N/A;N/A;N/A;N/A;
274;https://i.imgur.com/TiMFIYZ.jpg;foto-274;descripcion-274;N/A;N/A;N/A;N/A;N/A;
273;https://i.imgur.com/FmKioDB.jpg;foto-273;descripcion-273;N/A;N/A;N/A;N/A;N/A;
272;https://i.imgur.com/rQGn0Zt.jpg;foto-272;descripcion-272;N/A;N/A;N/A;N/A;N/A;
271;https://i.imgur.com/1GcEqNX.jpg;foto-271;descripcion-271;N/A;N/A;N/A;N/A;N/A;
270;https://i.imgur.com/s7zGe5H.jpg;foto-270;descripcion-270;N/A;N/A;N/A;N/A;N/A;
269;https://i.imgur.com/7gRiiVH.jpg;foto-269;descripcion-269;N/A;N/A;N/A;N/A;N/A;
268;https://i.imgur.com/83A1RWR.jpg;foto-268;descripcion-268;N/A;N/A;N/A;N/A;N/A;
267;https://i.imgur.com/8oPD1av.jpg;foto-267;descripcion-267;N/A;N/A;N/A;N/A;N/A;
266;https://i.imgur.com/4j6RMrX.jpg;foto-266;descripcion-266;N/A;N/A;N/A;N/A;N/A;
265;https://i.imgur.com/zBiin1s.jpg;foto-265;descripcion-265;N/A;N/A;N/A;N/A;N/A;
264;https://i.imgur.com/p0zXdfe.jpg;foto-264;descripcion-264;N/A;N/A;N/A;N/A;N/A;
263;https://i.imgur.com/UhD71V7.jpg;foto-263;descripcion-263;N/A;N/A;N/A;N/A;N/A;
262;https://i.imgur.com/Hk4oL4U.jpg;foto-262;descripcion-262;N/A;N/A;N/A;N/A;N/A;
261;https://i.imgur.com/MVNrze6.jpg;foto-261;descripcion-261;N/A;N/A;N/A;N/A;N/A;
260;https://i.imgur.com/lot5cCn.jpg;foto-260;descripcion-260;N/A;N/A;N/A;N/A;N/A;
259;https://i.imgur.com/vXWO5y5.jpg;foto-259;descripcion-259;N/A;N/A;N/A;N/A;N/A;
258;https://i.imgur.com/5q54rkO.jpg;foto-258;descripcion-258;N/A;N/A;N/A;N/A;N/A;
257;https://i.imgur.com/5myBuVj.jpg;foto-257;descripcion-257;N/A;N/A;N/A;N/A;N/A;
256;https://i.imgur.com/3sNAliG.jpg;foto-256;descripcion-256;N/A;N/A;N/A;N/A;N/A;
255;https://i.imgur.com/cC3v09d.jpg;foto-255;descripcion-255;N/A;N/A;N/A;N/A;N/A;
254;https://i.imgur.com/1YE2Unw.jpg;foto-254;descripcion-254;N/A;N/A;N/A;N/A;N/A;
253;https://i.imgur.com/YnJFHos.jpg;foto-253;descripcion-253;N/A;N/A;N/A;N/A;N/A;
252;https://i.imgur.com/QyJzx53.jpg;foto-252;descripcion-252;N/A;N/A;N/A;N/A;N/A;
251;https://i.imgur.com/YzvUEYm.jpg;foto-251;descripcion-251;N/A;N/A;N/A;N/A;N/A;
250;https://i.imgur.com/uscsqL4.jpg;foto-250;descripcion-250;N/A;N/A;N/A;N/A;N/A;
249;https://i.imgur.com/JeoKMM8.jpg;foto-249;descripcion-249;N/A;N/A;N/A;N/A;N/A;
248;https://i.imgur.com/jVs2mTK.jpg;foto-248;descripcion-248;N/A;N/A;N/A;N/A;N/A;
247;https://i.imgur.com/FeTIV8p.jpg;foto-247;descripcion-247;N/A;N/A;N/A;N/A;N/A;
246;https://i.imgur.com/5PB14gb.jpg;foto-246;descripcion-246;N/A;N/A;N/A;N/A;N/A;
245;https://i.imgur.com/PnHX0ZH.jpg;foto-245;descripcion-245;N/A;N/A;N/A;N/A;N/A;
244;https://i.imgur.com/rmCMF8O.jpg;foto-244;descripcion-244;N/A;N/A;N/A;N/A;N/A;
243;https://i.imgur.com/yseLSA9.jpg;foto-243;descripcion-243;N/A;N/A;N/A;N/A;N/A;
242;https://i.imgur.com/zJI8LNJ.jpg;foto-242;descripcion-242;N/A;N/A;N/A;N/A;N/A;
241;https://i.imgur.com/DGUlAHR.jpg;foto-241;descripcion-241;N/A;N/A;N/A;N/A;N/A;
240;https://i.imgur.com/11uxR6b.jpg;foto-240;descripcion-240;N/A;N/A;N/A;N/A;N/A;
239;https://i.imgur.com/yCvjgSo.jpg;foto-239;descripcion-239;N/A;N/A;N/A;N/A;N/A;
238;https://i.imgur.com/kGAH07P.jpg;foto-238;descripcion-238;N/A;N/A;N/A;N/A;N/A;
237;https://i.imgur.com/KwZLgWO.jpg;foto-237;descripcion-237;N/A;N/A;N/A;N/A;N/A;
236;https://i.imgur.com/FZzSwic.jpg;foto-236;descripcion-236;N/A;N/A;N/A;N/A;N/A;
235;https://i.imgur.com/gpJCxyE.jpg;foto-235;descripcion-235;N/A;N/A;N/A;N/A;N/A;
234;https://i.imgur.com/6boiRpJ.jpg;foto-234;descripcion-234;N/A;N/A;N/A;N/A;N/A;
233;https://i.imgur.com/5eNxlQN.jpg;foto-233;descripcion-233;N/A;N/A;N/A;N/A;N/A;
232;https://i.imgur.com/D9soyUN.jpg;foto-232;descripcion-232;N/A;N/A;N/A;N/A;N/A;
231;https://i.imgur.com/uFuG66j.jpg;foto-231;descripcion-231;N/A;N/A;N/A;N/A;N/A;
230;https://i.imgur.com/IFbksRb.jpg;foto-230;descripcion-230;N/A;N/A;N/A;N/A;N/A;
229;https://i.imgur.com/fQ8gIgy.jpg;foto-229;descripcion-229;N/A;N/A;N/A;N/A;N/A;
228;https://i.imgur.com/C89IeOy.jpg;foto-228;descripcion-228;N/A;N/A;N/A;N/A;N/A;
227;https://i.imgur.com/VOeRl3V.jpg;foto-227;descripcion-227;N/A;N/A;N/A;N/A;N/A;
226;https://i.imgur.com/xCJwmhA.jpg;foto-226;descripcion-226;N/A;N/A;N/A;N/A;N/A;
225;https://i.imgur.com/Fgikjal.jpg;foto-225;descripcion-225;N/A;N/A;N/A;N/A;N/A;
224;https://i.imgur.com/fl4T1vw.jpg;foto-224;descripcion-224;N/A;N/A;N/A;N/A;N/A;
223;https://i.imgur.com/H75SKdK.jpg;foto-223;descripcion-223;N/A;N/A;N/A;N/A;N/A;
222;https://i.imgur.com/LWQORUY.jpg;foto-222;descripcion-222;N/A;N/A;N/A;N/A;N/A;
221;https://i.imgur.com/GqAk7oD.jpg;foto-221;descripcion-221;N/A;N/A;N/A;N/A;N/A;
220;https://i.imgur.com/jsCXL6d.jpg;foto-220;descripcion-220;N/A;N/A;N/A;N/A;N/A;
219;https://i.imgur.com/uJiANqU.jpg;foto-219;descripcion-219;N/A;N/A;N/A;N/A;N/A;
218;https://i.imgur.com/cY9zQks.jpg;foto-218;descripcion-218;N/A;N/A;N/A;N/A;N/A;
217;https://i.imgur.com/DRg0GLd.jpg;foto-217;descripcion-217;N/A;N/A;N/A;N/A;N/A;
216;https://i.imgur.com/NwnugiS.jpg;foto-216;descripcion-216;N/A;N/A;N/A;N/A;N/A;
215;https://i.imgur.com/sCnOKMg.jpg;foto-215;descripcion-215;N/A;N/A;N/A;N/A;N/A;
214;https://i.imgur.com/3iOElMn.jpg;foto-214;descripcion-214;N/A;N/A;N/A;N/A;N/A;
213;https://i.imgur.com/p05JIkK.jpg;foto-213;descripcion-213;N/A;N/A;N/A;N/A;N/A;
212;https://i.imgur.com/Umigzoe.jpg;foto-212;descripcion-212;N/A;N/A;N/A;N/A;N/A;
211;https://i.imgur.com/dLWLlw2.jpg;foto-211;descripcion-211;N/A;N/A;N/A;N/A;N/A;
210;https://i.imgur.com/riwCO8p.jpg;foto-210;descripcion-210;N/A;N/A;N/A;N/A;N/A;
209;https://i.imgur.com/ySzRWiF.jpg;foto-209;descripcion-209;N/A;N/A;N/A;N/A;N/A;
208;https://i.imgur.com/aIQQqly.jpg;foto-208;descripcion-208;N/A;N/A;N/A;N/A;N/A;
207;https://i.imgur.com/zHvN4BO.jpg;foto-207;descripcion-207;N/A;N/A;N/A;N/A;N/A;
206;https://i.imgur.com/IWhuQmL.jpg;foto-206;descripcion-206;N/A;N/A;N/A;N/A;N/A;
205;https://i.imgur.com/KJBzlCL.jpg;foto-205;descripcion-205;N/A;N/A;N/A;N/A;N/A;
204;https://i.imgur.com/6hdXHb5.jpg;foto-204;descripcion-204;N/A;N/A;N/A;N/A;N/A;
203;https://i.imgur.com/ZoxuTDY.jpg;foto-203;descripcion-203;N/A;N/A;N/A;N/A;N/A;
202;https://i.imgur.com/4XqjMN2.jpg;foto-202;descripcion-202;N/A;N/A;N/A;N/A;N/A;
201;https://i.imgur.com/IqVGcnt.jpg;foto-201;descripcion-201;N/A;N/A;N/A;N/A;N/A;
200;https://i.imgur.com/PmsXtjr.jpg;foto-200;descripcion-200;N/A;N/A;N/A;N/A;N/A;
199;https://i.imgur.com/FXtO1PL.jpg;foto-199;descripcion-199;N/A;N/A;N/A;N/A;N/A;
198;https://i.imgur.com/5XLm3Vm.jpg;foto-198;descripcion-198;N/A;N/A;N/A;N/A;N/A;
197;https://i.imgur.com/J8hkeb5.jpg;foto-197;descripcion-197;N/A;N/A;N/A;N/A;N/A;
196;https://i.imgur.com/3lLugx7.png;foto-196;descripcion-196;N/A;N/A;N/A;N/A;N/A;
195;https://i.imgur.com/eWiAXQ9.png;foto-195;descripcion-195;N/A;N/A;N/A;N/A;N/A;
194;https://i.imgur.com/bJqZUgK.png;foto-194;descripcion-194;N/A;N/A;N/A;N/A;N/A;
193;https://i.imgur.com/Jk046Mx.png;foto-193;descripcion-193;N/A;N/A;N/A;N/A;N/A;
192;https://i.imgur.com/2etLqPl.png;foto-192;descripcion-192;N/A;N/A;N/A;N/A;N/A;
191;https://i.imgur.com/Xaa3kQh.png;foto-191;descripcion-191;N/A;N/A;N/A;N/A;N/A;
190;https://i.imgur.com/bugjNmk.png;foto-190;descripcion-190;N/A;N/A;N/A;N/A;N/A;
189;https://i.imgur.com/esAp7Dh.png;foto-189;descripcion-189;N/A;N/A;N/A;N/A;N/A;
188;https://i.imgur.com/XRZqXV8.png;foto-188;descripcion-188;N/A;N/A;N/A;N/A;N/A;
187;https://i.imgur.com/EJ2f6ze.png;foto-187;descripcion-187;N/A;N/A;N/A;N/A;N/A;
186;https://i.imgur.com/j7iL02o.png;foto-186;descripcion-186;N/A;N/A;N/A;N/A;N/A;
185;https://i.imgur.com/eCyFNL7.png;foto-185;descripcion-185;N/A;N/A;N/A;N/A;N/A;
184;https://i.imgur.com/V5J7rTq.png;foto-184;descripcion-184;N/A;N/A;N/A;N/A;N/A;
183;https://i.imgur.com/seRrM5Z.png;foto-183;descripcion-183;N/A;N/A;N/A;N/A;N/A;
182;https://i.imgur.com/Z1ZX6pe.png;foto-182;descripcion-182;N/A;N/A;N/A;N/A;N/A;
181;https://i.imgur.com/JH5tq7U.png;foto-181;descripcion-181;N/A;N/A;N/A;N/A;N/A;
180;https://i.imgur.com/l89FeoW.png;foto-180;descripcion-180;N/A;N/A;N/A;N/A;N/A;
179;https://i.imgur.com/cMdgLus.png;foto-179;descripcion-179;N/A;N/A;N/A;N/A;N/A;
178;https://i.imgur.com/jP9BI9Q.png;foto-178;descripcion-178;N/A;N/A;N/A;N/A;N/A;
177;https://i.imgur.com/j7EIs2g.png;foto-177;descripcion-177;N/A;N/A;N/A;N/A;N/A;
176;https://i.imgur.com/96p74Oi.png;foto-176;descripcion-176;N/A;N/A;N/A;N/A;N/A;
175;https://i.imgur.com/TwMPz7H.png;foto-175;descripcion-175;N/A;N/A;N/A;N/A;N/A;
174;https://i.imgur.com/YAgVT5J.png;foto-174;descripcion-174;N/A;N/A;N/A;N/A;N/A;
173;https://i.imgur.com/5gtxqjN.png;foto-173;descripcion-173;N/A;N/A;N/A;N/A;N/A;
172;https://i.imgur.com/pWF6WE1.png;foto-172;descripcion-172;N/A;N/A;N/A;N/A;N/A;
171;https://i.imgur.com/XfN9TYC.png;foto-171;descripcion-171;N/A;N/A;N/A;N/A;N/A;
170;https://i.imgur.com/DkwUXU3.jpg;foto-170;descripcion-170;N/A;N/A;N/A;N/A;N/A;
169;https://i.imgur.com/QMt6CNn.jpg;foto-169;descripcion-169;N/A;N/A;N/A;N/A;N/A;
168;https://i.imgur.com/VpDlH2x.png;foto-168;descripcion-168;N/A;N/A;N/A;N/A;N/A;
167;https://i.imgur.com/s8nUZt9.jpg;foto-167;descripcion-167;N/A;N/A;N/A;N/A;N/A;
166;https://i.imgur.com/0x0qbR8.jpg;foto-166;descripcion-166;N/A;N/A;N/A;N/A;N/A;
165;https://i.imgur.com/VR6jLOX.jpg;foto-165;descripcion-165;N/A;N/A;N/A;N/A;N/A;
164;https://i.imgur.com/3IIDBPl.jpg;foto-164;descripcion-164;N/A;N/A;N/A;N/A;N/A;
163;https://i.imgur.com/FI8gqps.jpg;foto-163;descripcion-163;N/A;N/A;N/A;N/A;N/A;
162;https://i.imgur.com/6NIFXAu.jpg;foto-162;descripcion-162;N/A;N/A;N/A;N/A;N/A;
161;https://i.imgur.com/JNRWNeK.png;foto-161;descripcion-161;N/A;N/A;N/A;N/A;N/A;
160;https://i.imgur.com/hfnUloK.png;foto-160;descripcion-160;N/A;N/A;N/A;N/A;N/A;
159;https://i.imgur.com/yEyHWVF.jpg;foto-159;descripcion-159;N/A;N/A;N/A;N/A;N/A;
158;https://i.imgur.com/3nqSOBu.jpg;foto-158;descripcion-158;N/A;N/A;N/A;N/A;N/A;
157;https://i.imgur.com/r7C8quS.jpg;foto-157;descripcion-157;N/A;N/A;N/A;N/A;N/A;
156;https://i.imgur.com/gtXBJQo.jpg;foto-156;descripcion-156;N/A;N/A;N/A;N/A;N/A;
155;https://i.imgur.com/ivarXrb.png;foto-155;descripcion-155;N/A;N/A;N/A;N/A;N/A;
154;https://i.imgur.com/ooN6Dcw.jpg;foto-154;descripcion-154;N/A;N/A;N/A;N/A;N/A;
153;https://i.imgur.com/XLKUKsv.jpg;foto-153;descripcion-153;N/A;N/A;N/A;N/A;N/A;
152;https://i.imgur.com/BFtUm5v.jpg;foto-152;descripcion-152;N/A;N/A;N/A;N/A;N/A;
151;https://i.imgur.com/bqrdvZs.jpg;foto-151;descripcion-151;N/A;N/A;N/A;N/A;N/A;
150;https://i.imgur.com/MtArv7q.jpg;foto-150;descripcion-150;N/A;N/A;N/A;N/A;N/A;
149;https://i.imgur.com/k3UpDVp.jpg;foto-149;descripcion-149;N/A;N/A;N/A;N/A;N/A;
148;https://i.imgur.com/4YatTGf.jpg;foto-148;descripcion-148;N/A;N/A;N/A;N/A;N/A;
147;https://i.imgur.com/nzDjn35.jpg;foto-147;descripcion-147;N/A;N/A;N/A;N/A;N/A;
146;https://i.imgur.com/2wgNm2n.jpg;foto-146;descripcion-146;N/A;N/A;N/A;N/A;N/A;
145;https://i.imgur.com/1gNVTi3.jpg;foto-145;descripcion-145;N/A;N/A;N/A;N/A;N/A;
144;https://i.imgur.com/oUME2Tb.jpg;foto-144;descripcion-144;N/A;N/A;N/A;N/A;N/A;
143;https://i.imgur.com/lHqPk5p.jpg;foto-143;descripcion-143;N/A;N/A;N/A;N/A;N/A;
142;https://i.imgur.com/Srenmiw.jpg;foto-142;descripcion-142;N/A;N/A;N/A;N/A;N/A;
141;https://i.imgur.com/6vtIIgY.jpg;foto-141;descripcion-141;N/A;N/A;N/A;N/A;N/A;
140;https://i.imgur.com/IRBdccy.jpg;foto-140;descripcion-140;N/A;N/A;N/A;N/A;N/A;
139;https://i.imgur.com/qoC9yI9.jpg;foto-139;descripcion-139;N/A;N/A;N/A;N/A;N/A;
138;https://i.imgur.com/Ape5Hq5.jpg;foto-138;descripcion-138;N/A;N/A;N/A;N/A;N/A;
137;https://i.imgur.com/nxRTRJm.jpg;foto-137;descripcion-137;N/A;N/A;N/A;N/A;N/A;
136;https://i.imgur.com/gLdopvY.jpg;foto-136;descripcion-136;N/A;N/A;N/A;N/A;N/A;
135;https://i.imgur.com/MdjzYEi.jpg;foto-135;descripcion-135;N/A;N/A;N/A;N/A;N/A;
134;https://i.imgur.com/YdIMhZJ.jpg;foto-134;descripcion-134;N/A;N/A;N/A;N/A;N/A;
133;https://i.imgur.com/thsH55g.jpg;foto-133;descripcion-133;N/A;N/A;N/A;N/A;N/A;
132;https://i.imgur.com/WIwr203.png;foto-132;descripcion-132;N/A;N/A;N/A;N/A;N/A;
131;https://i.imgur.com/EhDtrFs.jpg;foto-131;descripcion-131;N/A;N/A;N/A;N/A;N/A;
130;https://i.imgur.com/eN8OtAu.jpg;foto-130;descripcion-130;N/A;N/A;N/A;N/A;N/A;
129;https://i.imgur.com/2VBUH5i.jpg;foto-129;descripcion-129;N/A;N/A;N/A;N/A;N/A;
128;https://i.imgur.com/wcKbIId.jpg;foto-128;descripcion-128;N/A;N/A;N/A;N/A;N/A;
127;https://i.imgur.com/0fIWIyF.jpg;foto-127;descripcion-127;N/A;N/A;N/A;N/A;N/A;
126;https://i.imgur.com/LVJ3IYy.jpg;foto-126;descripcion-126;N/A;N/A;N/A;N/A;N/A;
125;https://i.imgur.com/6PeT1XP.png;foto-125;descripcion-125;N/A;N/A;N/A;N/A;N/A;
124;https://i.imgur.com/kZ6brB2.png;foto-124;descripcion-124;N/A;N/A;N/A;N/A;N/A;
123;https://i.imgur.com/c9piR3j.png;foto-123;descripcion-123;N/A;N/A;N/A;N/A;N/A;
122;https://i.imgur.com/SAoJ55l.png;foto-122;descripcion-122;N/A;N/A;N/A;N/A;N/A;
121;https://i.imgur.com/vFsMseS.png;foto-121;descripcion-121;N/A;N/A;N/A;N/A;N/A;
120;https://i.imgur.com/ZfrNTBM.png;foto-120;descripcion-120;N/A;N/A;N/A;N/A;N/A;
119;https://i.imgur.com/dB2osid.png;foto-119;descripcion-119;N/A;N/A;N/A;N/A;N/A;
118;https://i.imgur.com/UPA2EJf.png;foto-118;descripcion-118;N/A;N/A;N/A;N/A;N/A;
117;https://i.imgur.com/jvwu1k5.jpg;foto-117;descripcion-117;N/A;N/A;N/A;N/A;N/A;
116;https://i.imgur.com/lHFK33K.jpg;foto-116;descripcion-116;N/A;N/A;N/A;N/A;N/A;
115;https://i.imgur.com/HERqjAZ.jpg;foto-115;descripcion-115;N/A;N/A;N/A;N/A;N/A;
114;https://i.imgur.com/oAqNAWf.jpg;foto-114;descripcion-114;N/A;N/A;N/A;N/A;N/A;
113;https://i.imgur.com/z16fat8.jpg;foto-113;descripcion-113;N/A;N/A;N/A;N/A;N/A;
112;https://i.imgur.com/TI1rKwH.jpg;foto-112;descripcion-112;N/A;N/A;N/A;N/A;N/A;
111;https://i.imgur.com/t2AWvj9.jpg;foto-111;descripcion-111;N/A;N/A;N/A;N/A;N/A;
110;https://i.imgur.com/9r8dxqZ.jpg;foto-110;descripcion-110;N/A;N/A;N/A;N/A;N/A;
109;https://i.imgur.com/WEqkjsy.jpg;foto-109;descripcion-109;N/A;N/A;N/A;N/A;N/A;
108;https://i.imgur.com/s4VjaPj.jpg;foto-108;descripcion-108;N/A;N/A;N/A;N/A;N/A;
107;https://i.imgur.com/At0bvq9.jpg;foto-107;descripcion-107;N/A;N/A;N/A;N/A;N/A;
106;https://i.imgur.com/Pnf52QX.jpg;foto-106;descripcion-106;N/A;N/A;N/A;N/A;N/A;
105;https://i.imgur.com/YOVzRyG.jpg;foto-105;descripcion-105;N/A;N/A;N/A;N/A;N/A;
104;https://i.imgur.com/oGaUzuh.jpg;foto-104;descripcion-104;N/A;N/A;N/A;N/A;N/A;
103;https://i.imgur.com/6c5sFt0.jpg;foto-103;descripcion-103;N/A;N/A;N/A;N/A;N/A;
102;https://i.imgur.com/wKaXDlf.jpg;foto-102;descripcion-102;N/A;N/A;N/A;N/A;N/A;
101;https://i.imgur.com/KtHQOaZ.jpg;foto-101;descripcion-101;N/A;N/A;N/A;N/A;N/A;
100;https://i.imgur.com/smgPKmI.jpg;foto-100;descripcion-100;N/A;N/A;N/A;N/A;N/A;
99;https://i.imgur.com/NXGe7m0.png;foto-99;descripcion-99;N/A;N/A;N/A;N/A;N/A;
98;https://i.imgur.com/4onhm39.jpg;foto-98;descripcion-98;N/A;N/A;N/A;N/A;N/A;
97;https://i.imgur.com/tfKyC8K.jpg;foto-97;descripcion-97;N/A;N/A;N/A;N/A;N/A;
96;https://i.imgur.com/RYcTWKE.jpg;foto-96;descripcion-96;N/A;N/A;N/A;N/A;N/A;
95;https://i.imgur.com/gIJU2oJ.jpg;foto-95;descripcion-95;N/A;N/A;N/A;N/A;N/A;
94;https://i.imgur.com/gQstcGB.jpg;foto-94;descripcion-94;N/A;N/A;N/A;N/A;N/A;
93;https://i.imgur.com/ZPZMnLS.jpg;foto-93;descripcion-93;N/A;N/A;N/A;N/A;N/A;
92;https://i.imgur.com/h3BuoKr.jpg;foto-92;descripcion-92;N/A;N/A;N/A;N/A;N/A;
91;https://i.imgur.com/8GpUkpj.jpg;foto-91;descripcion-91;N/A;N/A;N/A;N/A;N/A;
90;https://i.imgur.com/ot7H8sR.jpg;foto-90;descripcion-90;N/A;N/A;N/A;N/A;N/A;
89;https://i.imgur.com/J9SYIOT.jpg;foto-89;descripcion-89;N/A;N/A;N/A;N/A;N/A;
88;https://i.imgur.com/43oVEnB.png;foto-88;descripcion-88;N/A;N/A;N/A;N/A;N/A;
87;https://i.imgur.com/C90jYTM.png;foto-87;descripcion-87;N/A;N/A;N/A;N/A;N/A;
86;https://i.imgur.com/mlafjSL.jpg;foto-86;descripcion-86;N/A;N/A;N/A;N/A;N/A;
85;https://i.imgur.com/gAwJyQG.jpg;foto-85;descripcion-85;N/A;N/A;N/A;N/A;N/A;
84;https://i.imgur.com/HwtsNSR.jpg;foto-84;descripcion-84;N/A;N/A;N/A;N/A;N/A;
83;https://i.imgur.com/IctAKz4.jpg;foto-83;descripcion-83;N/A;N/A;N/A;N/A;N/A;
82;https://i.imgur.com/VZ1RVhS.jpg;foto-82;descripcion-82;N/A;N/A;N/A;N/A;N/A;
81;https://i.imgur.com/muI4i2w.jpg;foto-81;descripcion-81;N/A;N/A;N/A;N/A;N/A;
80;https://i.imgur.com/p1TWZ0Y.jpg;foto-80;descripcion-80;N/A;N/A;N/A;N/A;N/A;
79;https://i.imgur.com/bikcI3D.jpg;foto-79;descripcion-79;N/A;N/A;N/A;N/A;N/A;
78;https://i.imgur.com/JJ2srsA.jpg;foto-78;descripcion-78;N/A;N/A;N/A;N/A;N/A;
77;https://i.imgur.com/qW44Ppx.jpg;foto-77;descripcion-77;N/A;N/A;N/A;N/A;N/A;
76;https://i.imgur.com/nYovyC8.jpg;foto-76;descripcion-76;N/A;N/A;N/A;N/A;N/A;
75;https://i.imgur.com/r75V6ml.jpg;foto-75;descripcion-75;N/A;N/A;N/A;N/A;N/A;
74;https://i.imgur.com/yQplxnV.jpg;foto-74;descripcion-74;N/A;N/A;N/A;N/A;N/A;
73;https://i.imgur.com/B0C6RPR.jpg;foto-73;descripcion-73;N/A;N/A;N/A;N/A;N/A;
72;https://i.imgur.com/8moo88g.jpg;foto-72;descripcion-72;N/A;N/A;N/A;N/A;N/A;
71;https://i.imgur.com/AhZtHoU.jpg;foto-71;descripcion-71;N/A;N/A;N/A;N/A;N/A;
70;https://i.imgur.com/7JbHhZI.jpg;foto-70;descripcion-70;N/A;N/A;N/A;N/A;N/A;
69;https://i.imgur.com/uQ3QS3t.jpg;foto-69;descripcion-69;N/A;N/A;N/A;N/A;N/A;
68;https://i.imgur.com/HN2LR0z.jpg;foto-68;descripcion-68;N/A;N/A;N/A;N/A;N/A;
67;https://i.imgur.com/JRcfVbL.jpg;foto-67;descripcion-67;N/A;N/A;N/A;N/A;N/A;
66;https://i.imgur.com/aWCMj1f.jpg;foto-66;descripcion-66;N/A;N/A;N/A;N/A;N/A;
65;https://i.imgur.com/A8cntXG.jpg;foto-65;descripcion-65;N/A;N/A;N/A;N/A;N/A;
64;https://i.imgur.com/CR1MRf9.jpg;foto-64;descripcion-64;N/A;N/A;N/A;N/A;N/A;
63;https://i.imgur.com/lOoWyKf.jpg;foto-63;descripcion-63;N/A;N/A;N/A;N/A;N/A;
62;https://i.imgur.com/KFs8mnm.jpg;foto-62;descripcion-62;N/A;N/A;N/A;N/A;N/A;
61;https://i.imgur.com/TFxH0hY.jpg;foto-61;descripcion-61;N/A;N/A;N/A;N/A;N/A;
60;https://i.imgur.com/wUph42K.jpg;foto-60;descripcion-60;N/A;N/A;N/A;N/A;N/A;
59;https://i.imgur.com/jaQlqXX.jpg;foto-59;descripcion-59;N/A;N/A;N/A;N/A;N/A;
58;https://i.imgur.com/qsNLewI.jpg;foto-58;descripcion-58;N/A;N/A;N/A;N/A;N/A;
57;https://i.imgur.com/4mnQQLk.jpg;foto-57;descripcion-57;N/A;N/A;N/A;N/A;N/A;
56;https://i.imgur.com/ZGfqiPg.jpg;foto-56;descripcion-56;N/A;N/A;N/A;N/A;N/A;
55;https://i.imgur.com/el9U0uv.jpg;foto-55;descripcion-55;N/A;N/A;N/A;N/A;N/A;
54;https://i.imgur.com/G5B0FVa.jpg;foto-54;descripcion-54;N/A;N/A;N/A;N/A;N/A;
53;https://i.imgur.com/bgJhjfh.png;foto-53;descripcion-53;N/A;N/A;N/A;N/A;N/A;
52;https://i.imgur.com/ouBKJnB.jpg;foto-52;descripcion-52;N/A;N/A;N/A;N/A;N/A;
51;https://i.imgur.com/RNvChK0.jpg;foto-51;descripcion-51;N/A;N/A;N/A;N/A;N/A;
50;https://i.imgur.com/Jat80ZJ.jpg;foto-50;descripcion-50;N/A;N/A;N/A;N/A;N/A;
49;https://i.imgur.com/ZbH3ztv.png;foto-49;descripcion-49;N/A;N/A;N/A;N/A;N/A;
48;https://i.imgur.com/6RXEk8f.png;foto-48;descripcion-48;N/A;N/A;N/A;N/A;N/A;
47;https://i.imgur.com/Uop55WZ.png;foto-47;descripcion-47;N/A;N/A;N/A;N/A;N/A;
46;https://i.imgur.com/9BqcrvN.png;foto-46;descripcion-46;N/A;N/A;N/A;N/A;N/A;
45;https://i.imgur.com/bFPFFRz.png;foto-45;descripcion-45;N/A;N/A;N/A;N/A;N/A;
44;https://i.imgur.com/YrXFXWI.png;foto-44;descripcion-44;N/A;N/A;N/A;N/A;N/A;
43;https://i.imgur.com/PhiXwoj.png;foto-43;descripcion-43;N/A;N/A;N/A;N/A;N/A;
42;https://i.imgur.com/94ybkW7.png;foto-42;descripcion-42;N/A;N/A;N/A;N/A;N/A;
41;https://i.imgur.com/G0v34eg.png;foto-41;descripcion-41;N/A;N/A;N/A;N/A;N/A;
40;https://i.imgur.com/WncgBtu.png;foto-40;descripcion-40;N/A;N/A;N/A;N/A;N/A;
39;https://i.imgur.com/2mAA97f.png;foto-39;descripcion-39;N/A;N/A;N/A;N/A;N/A;
38;https://i.imgur.com/rR6gyyq.png;foto-38;descripcion-38;N/A;N/A;N/A;N/A;N/A;
37;https://i.imgur.com/gZ9qRkR.png;foto-37;descripcion-37;N/A;N/A;N/A;N/A;N/A;
36;https://i.imgur.com/b3xTGPY.png;foto-36;descripcion-36;N/A;N/A;N/A;N/A;N/A;
35;https://i.imgur.com/jMPjYwC.jpg;foto-35;descripcion-35;N/A;N/A;N/A;N/A;N/A;
34;https://i.imgur.com/dUF6NmQ.png;foto-34;descripcion-34;N/A;N/A;N/A;N/A;N/A;
33;https://i.imgur.com/zIWUMj5.jpg;foto-33;descripcion-33;N/A;N/A;N/A;N/A;N/A;
32;https://i.imgur.com/IqbMAqk.jpg;foto-32;descripcion-32;N/A;N/A;N/A;N/A;N/A;
31;https://i.imgur.com/ws9ICD7.jpg;foto-31;descripcion-31;N/A;N/A;N/A;N/A;N/A;
30;https://i.imgur.com/AM04eYV.jpg;foto-30;descripcion-30;N/A;N/A;N/A;N/A;N/A;
29;https://i.imgur.com/SLl86xt.jpg;foto-29;descripcion-29;N/A;N/A;N/A;N/A;N/A;
28;https://i.imgur.com/IijXauf.jpg;foto-28;descripcion-28;N/A;N/A;N/A;N/A;N/A;
27;https://i.imgur.com/btjJn96.jpg;foto-27;descripcion-27;N/A;N/A;N/A;N/A;N/A;
26;https://i.imgur.com/wqCXy31.jpg;foto-26;descripcion-26;N/A;N/A;N/A;N/A;N/A;
25;https://i.imgur.com/fnUL2uc.jpg;foto-25;descripcion-25;N/A;N/A;N/A;N/A;N/A;
24;https://i.imgur.com/qisLhJo.jpg;foto-24;descripcion-24;N/A;N/A;N/A;N/A;N/A;
23;https://i.imgur.com/Clgrm1u.jpg;foto-23;descripcion-23;N/A;N/A;N/A;N/A;N/A;
22;https://i.imgur.com/GWrPiCF.jpg;foto-22;descripcion-22;N/A;N/A;N/A;N/A;N/A;
21;https://i.imgur.com/gwXZV6r.jpg;foto-21;descripcion-21;N/A;N/A;N/A;N/A;N/A;
20;https://i.imgur.com/ze5LWKx.jpg;foto-20;descripcion-20;N/A;N/A;N/A;N/A;N/A;
19;https://i.imgur.com/7rPIvmy.jpg;foto-19;descripcion-19;N/A;N/A;N/A;N/A;N/A;
18;https://i.imgur.com/5Lko3c2.jpg;foto-18;descripcion-18;N/A;N/A;N/A;N/A;N/A;
17;https://i.imgur.com/d4LpanJ.jpg;foto-17;descripcion-17;N/A;N/A;N/A;N/A;N/A;
16;https://i.imgur.com/sAFgLmt.jpg;foto-16;descripcion-16;N/A;N/A;N/A;N/A;N/A;
15;https://i.imgur.com/2tKipns.jpg;foto-15;descripcion-15;N/A;N/A;N/A;N/A;N/A;
14;https://i.imgur.com/yCoirFt.jpg;foto-14;descripcion-14;N/A;N/A;N/A;N/A;N/A;
13;https://i.imgur.com/DYgvO0T.jpg;foto-13;descripcion-13;N/A;N/A;N/A;N/A;N/A;
12;https://i.imgur.com/AN6kroK.jpg;foto-12;descripcion-12;N/A;N/A;N/A;N/A;N/A;
11;https://i.imgur.com/Fwqfvd4.jpg;foto-11;descripcion-11;N/A;N/A;N/A;N/A;N/A;
10;https://i.imgur.com/I9yTw4l.jpg;foto-10;descripcion-10;N/A;N/A;N/A;N/A;N/A;
9;https://i.imgur.com/Ifsxk5A.jpg;foto-9;descripcion-9;N/A;N/A;N/A;N/A;N/A;
8;https://i.imgur.com/D6PCbW6.jpg;foto-8;descripcion-8;N/A;N/A;N/A;N/A;N/A;
7;https://i.imgur.com/rPw7fyV.jpg;foto-7;descripcion-7;N/A;N/A;N/A;N/A;N/A;
6;https://i.imgur.com/IUDAnuI.jpg;foto-6;descripcion-6;N/A;N/A;N/A;N/A;N/A;
5;https://i.imgur.com/rBbxog0.jpg;foto-5;descripcion-5;N/A;N/A;N/A;N/A;N/A;
4;https://i.imgur.com/B41IQfB.jpg;foto-4;descripcion-4;N/A;N/A;N/A;N/A;N/A;
3;https://i.imgur.com/012q9V2.jpg;foto-3;descripcion-3;N/A;N/A;N/A;N/A;N/A;
2;https://i.imgur.com/zfwhLbA.jpg;foto-2;descripcion-2;N/A;N/A;N/A;N/A;N/A;
1;https://i.imgur.com/zsVh1kW.jpg;foto-1;descripcion-1;N/A;N/A;N/A;N/A;N/A;
